"ad_id","n_id","at_type_col","at_type_row","ad_pic_s","ad_pic_h","ad_pic_w","ad_pic_b","ad_des","ad_font","ad_size","ad_bold","ad_italic","ad_color","ad_align","ad_count"
"1","19","1","1",,"0","0",,"

<table style=""BORDER-COLLAPSE: collapse; WIDTH: 97%"" align=""center"">
	
<tbody>
		
<tr>
			
<td bgcolor=""#cccccc"" bordercolor=""#339900"">
				
<div align=""center""><span style=""FONT-SIZE: 10pt; FONT-FAMILY: Tahoma; COLOR: #006400""><strong>ชื่อหน่วยงานตามโครงสร้างของสำนักงานปลัดกระทรวงแรงงาน ประจำปีงบประมาณ 2550</strong></span></div>
				
<div align=""center""><span style=""FONT-SIZE: 10pt; FONT-FAMILY: Tahoma; COLOR: #6b8e23""><strong>Office of the Permanent&nbsp;Secretary of Organization&nbsp;Chart&nbsp;and&nbsp;Staff&nbsp;2007</strong></span></div></td>
		</tr>
		
<tr>
			
<td bordercolor=""#339900"">&nbsp;</td>
		</tr>
		
<tr>
			
<td bordercolor=""#339900"">
				
<table style=""BORDER-COLLAPSE: collapse; WIDTH: 100%"" bordercolor=""#cccccc"" align=""center"" border=""2"">
					
<tbody>
						
<tr bgcolor=""#66cc66"">
							
<td height=""40"" bordercolor=""#339900"" width=""3%"">
								
<div align=""center""><span style=""FONT-SIZE: 10pt; FONT-FAMILY: Tahoma""><strong>ที่</strong></span></div></td>
							
<td bordercolor=""#339900"" width=""45%"">
								
<p align=""center""><span style=""FONT-SIZE: 10pt; FONT-FAMILY: Tahoma""><strong>ชื่อหน่วยงาน&nbsp; (ไทย)</strong></span></p></td>
							
<td bordercolor=""#339900"" width=""52%"">
								
<p align=""center""><span style=""FONT-SIZE: 10pt; FONT-FAMILY: Tahoma""><strong>Division&nbsp; (English)</strong></span></p></td>
						</tr>
						
<tr>
							
<td><span style=""FONT-SIZE: 10pt; FONT-FAMILY: Tahoma"">&nbsp;</span></td>
							
<td><span style=""FONT-SIZE: 10pt; FONT-FAMILY: Tahoma; TEXT-DECORATION: underline""><strong>ตำแหน่งไม่สังกัดกอง</strong></span></td>
							
<td><span style=""FONT-SIZE: 10pt; FONT-FAMILY: Tahoma"">&nbsp;</span></td>
						</tr>
						
<tr bgcolor=""#cccccc"">
							
<td>
								
<p align=""center""><span style=""FONT-SIZE: 10pt""><strong>1</strong></span></p></td>
							
<td><span style=""FONT-SIZE: 10pt""><span style=""FONT-SIZE: 10pt; FONT-FAMILY: Tahoma; TEXT-DECORATION: underline""><strong>สำนักบริหารกลาง</strong></span></span></td>
							
<td><span style=""FONT-SIZE: 10pt"">
									
<div><span style=""FONT-SIZE: 10pt; FONT-FAMILY: Tahoma""><strong><span style=""TEXT-DECORATION: underline"">C</span><span style=""TEXT-DECORATION: underline"">entral&nbsp;Administration&nbsp;Bureau</span></strong></span></div></span></td>
						</tr>
						
<tr border=""0"">
							
<td></td>
							
<td>
								
<div><span style=""FONT-SIZE: 10pt; FONT-FAMILY: Tahoma"">1.1 กลุ่มงานช่วยอำนวยการและงานสารบรรณ</span></div>
								
<div><span style=""FONT-SIZE: 10pt; FONT-FAMILY: Tahoma"">1.2 กลุ่มงานพัฒนาองค์กรและระบบงาน</span></div>
								
<div><span style=""FONT-SIZE: 10pt; FONT-FAMILY: Tahoma""></span><span style=""FONT-SIZE: 10pt"">1.3 กลุ่มงานคลังและพัสดุ</span></div>
								
<div><span style=""FONT-SIZE: 10pt"">1.4 กลุ่มงานกฎหมาย</span></div>
								
<div><span style=""FONT-SIZE: 10pt"">1.5 กลุ่มงานเผยแพร่ประชาสัมพันธ์</span></div>
								
<div><span style=""FONT-SIZE: 10pt"">1.6 กลุ่มงานพัฒนาบุคลากร</span></div></td>
							
<td>
								
<div><span style=""FONT-SIZE: 10pt; FONT-FAMILY: Tahoma"">&nbsp;General&nbsp;Affairs&nbsp;Division</span></div>
								
<div><span style=""FONT-SIZE: 10pt; FONT-FAMILY: Tahoma"">&nbsp;Oreanization&nbsp;and&nbsp;Work&nbsp;System Division</span></div>
								
<div><span style=""FONT-SIZE: 10pt; FONT-FAMILY: Tahoma"">&nbsp;Finance&nbsp;and&nbsp;Purchasing&nbsp;Division</span></div>
								
<div><span style=""FONT-SIZE: 10pt; FONT-FAMILY: Tahoma"">&nbsp;Legal&nbsp;Affairs Division</span></div>
								
<div><span style=""FONT-SIZE: 10pt; FONT-FAMILY: Tahoma"">&nbsp;Public&nbsp;Relation&nbsp;Division</span></div>
								
<div><span style=""FONT-SIZE: 10pt; FONT-FAMILY: Tahoma"">&nbsp;Personnel&nbsp;Development Division</span></div></td>
						</tr>
						
<tr bgcolor=""#cccccc"">
							
<td>
								
<p align=""center""><span style=""FONT-SIZE: 10pt""><strong>2</strong></span></p></td>
							
<td><span style=""FONT-SIZE: 10pt; TEXT-DECORATION: underline""><strong>ศูนย์เทคโนโลยีสารสนเทศและการสื่อสาร</strong></span></td>
							
<td><span style=""FONT-SIZE: 10pt; TEXT-DECORATION: underline""><strong>Information and Communication Technology</strong></span></td>
						</tr>
						
<tr>
							
<td>&nbsp;</td>
							
<td>
								
<div><span style=""FONT-SIZE: 10pt; FONT-FAMILY: Tahoma"">2.1 งานบริหารทั่วไป</span></div>
								
<div><span style=""FONT-SIZE: 10pt; FONT-FAMILY: Tahoma"">2.2 กลุ่มงานบริหารและบริการสารสนเทศ</span></div>
								
<div><span style=""FONT-SIZE: 10pt; FONT-FAMILY: Tahoma"">2.3 กลุ่มงานการบริการจัดการข้อมูลสารสนเทศ</span></div></td>
							
<td>
								
<div><span style=""FONT-SIZE: 10pt; FONT-FAMILY: Tahoma"">&nbsp;General Affairs Section</span></div>
								
<div><span style=""FONT-SIZE: 10pt; FONT-FAMILY: Tahoma"">&nbsp;Information Servicing and Abministration Division</span></div>
								
<div><span style=""FONT-SIZE: 10pt; FONT-FAMILY: Tahoma"">&nbsp;Information Servicing and Manageruent Division</span></div></td>
						</tr>
						
<tr bgcolor=""#cccccc"">
							
<td>
								
<p align=""center""><span style=""FONT-SIZE: 10pt""><strong>3</strong></span></p></td>
							
<td><span style=""FONT-SIZE: 10pt; TEXT-DECORATION: underline""><strong>สำนักตรวจและประเมินผล</strong></span></td>
							
<td><span style=""FONT-SIZE: 10pt; TEXT-DECORATION: underline""><strong>Monitoring and Evaluation Bureau</strong></span></td>
						</tr>
						
<tr>
							
<td></td>
							
<td>
								
<div><span style=""FONT-SIZE: 10pt; FONT-FAMILY: Tahoma; TEXT-DECORATION: "">3.1 งานบริหารทั่วไป</span></div>
								
<div><span style=""FONT-SIZE: 10pt; FONT-FAMILY: Tahoma; TEXT-DECORATION: "">3.2 กลุ่มงานตรวจราชการ</span></div>
								
<div><span style=""FONT-SIZE: 10pt; FONT-FAMILY: Tahoma; TEXT-DECORATION: "">3.3 กลุ่มงานวิเคราะห์และประเมินผล</span></div>
								
<div><span style=""FONT-SIZE: 10pt; FONT-FAMILY: Tahoma; TEXT-DECORATION: "">3.4 กลุ่มสนับสนุนเครือข่ายและประสานภูมิภาค</span></div>
								
<div><span style=""FONT-SIZE: 10pt; FONT-FAMILY: Tahoma; TEXT-DECORATION: "">3.5 กลุ่มงานบูรณาการขจัดความยากจน</span></div>
								
<div><span style=""FONT-SIZE: 10pt; FONT-FAMILY: Tahoma; TEXT-DECORATION: "">3.6 ศูนย์บริการประชาชนกระทรวงแรงงาน</span></div></td>
							
<td>
								
<div><span style=""FONT-SIZE: 10pt; FONT-FAMILY: Tahoma; TEXT-DECORATION: "">&nbsp;</span></div>
								
<div><span style=""FONT-SIZE: 10pt; FONT-FAMILY: Tahoma; TEXT-DECORATION: "">&nbsp;Monitoring Division</span></div>
								
<div><span style=""FONT-SIZE: 10pt; FONT-FAMILY: Tahoma; TEXT-DECORATION: "">&nbsp;Evaluation and Anulysis Division</span></div>
								
<div><span style=""FONT-SIZE: 10pt; FONT-FAMILY: Tahoma; TEXT-DECORATION: "">&nbsp;Regional Coordination and Network supporting Division</span></div>
								
<div><span style=""FONT-SIZE: 10pt; FONT-FAMILY: Tahoma; TEXT-DECORATION: "">&nbsp;Integrated Poverty Alleviation Division</span></div>
								
<div><span style=""FONT-SIZE: 10pt; FONT-FAMILY: Tahoma; TEXT-DECORATION: "">&nbsp;Ministry Public Service Center</span></div></td>
						</tr>
						
<tr bgcolor=""#cccccc"">
							
<td>
								
<p align=""center""><span style=""FONT-SIZE: 10pt"">&nbsp;<strong>4</strong></span></p></td>
							
<td><span style=""FONT-SIZE: 10pt; TEXT-DECORATION: underline""><strong>สำนักนโยบายและยุทธศาสตร์</strong></span></td>
							
<td><span style=""FONT-SIZE: 10pt""><strong><span style=""TEXT-DECORATION: underline"">Policy and Strategy Bureau</span></strong></span></td>
						</tr>
						
<tr>
							
<td><span style=""FONT-SIZE: 10pt"">&nbsp;</span></td>
							
<td>
								
<div><span style=""FONT-SIZE: 10pt"">4.1 งานบริหารทั่วไป</span></div>
								
<div><span style=""FONT-SIZE: 10pt"">4.2 กลุ่มพัฒนายุทธศาสตร์</span></div>
								
<div><span style=""FONT-SIZE: 10pt"">4.3 กลุ่มแผนงานและงบประมาณ <br />
										4.4 กลุ่มงานวิจัย <br />
										4.5 กลุ่มงานเลขานุการสภาที่ปรึกษาแรงงาน <br />
										4.6 กลุ่มงานพัฒนาระบบรายได้และค่าจ้างขั้นต่ำ <br />
										4.7 กลุ่มงานการขยายความคุ้มครองสู่แรงงานนอกระบบ <br />
										4.8 กลุ่มงานบูรณาการหลักประกันผู้สูงอายุ</span></div></td>
							
<td>
								
<div><span style=""FONT-SIZE: 10pt"">&nbsp;</span></div>
								
<div><span style=""FONT-SIZE: 10pt"">&nbsp;Strategy Development Division <br />
										&nbsp;Planning and Budgeting Division <br />
										&nbsp;Researuch Division <br />
										&nbsp;Secretariatof Labour Advisory Council <br />
										&nbsp;Minimum Wage anad Income System Developmot&nbsp;Division <br />
										&nbsp;Infomal Sector Protection Division <br />
										&nbsp;Inteyrated Social Security for Elderly Division</span></div></td>
						</tr>
						
<tr bgcolor=""#cccccc"">
							
<td>
								
<p align=""center""><span style=""FONT-SIZE: 10pt"">&nbsp;<strong>5</strong></span></p></td>
							
<td><span style=""FONT-SIZE: 10pt""><strong><span style=""TEXT-DECORATION: underline"">สำนักประสานความร่วมมือระหว่างประเทศ</span></strong></span></td>
							
<td><span style=""FONT-SIZE: 10pt; TEXT-DECORATION: underline""><strong>Bureau of International Coordination</strong></span></td>
						</tr>
						
<tr>
							
<td><span style=""FONT-SIZE: 10pt"">&nbsp;</span></td>
							
<td><span style=""FONT-SIZE: 10pt"">5.1 งานบริหารทั่วไป <br />
									5.2 กลุ่มวิเทศสัมพันธ์ <br />
									5.3 กลุ่มงานประสานความร่วมมือระหว่างประเทศ <br />
									5.4 กลุ่มงานแรงงานในต่างประเทศ <br />
									5.5 กลุ่มงานเจรจาเขตการค้าเสรี </span></td>
							
<td>
								
<div><span style=""FONT-SIZE: 10pt"">&nbsp;</span></div>
								
<div><span style=""FONT-SIZE: 10pt"">&nbsp;Intemational Affuirs Division <br />
										&nbsp;International Coordination Division <br />
										&nbsp;Oversca Labour Offices <br />
										&nbsp;Free Trade Agreement Division</span></div></td>
						</tr>
						
<tr bgcolor=""#cccccc"">
							
<td>
								
<p align=""center""><span style=""FONT-SIZE: 10pt""><strong>6</strong></span></p></td>
							
<td><span style=""FONT-SIZE: 10pt; TEXT-DECORATION: underline""><strong>สำนักงานประสานคณะรัฐมนตรีและรัฐสภา</strong></span></td>
							
<td><span style=""FONT-SIZE: 10pt; TEXT-DECORATION: underline""><strong>Internal&nbsp;Audit Division</strong></span></td>
						</tr>
						
<tr bgcolor=""#cccccc"">
							
<td>
								
<p align=""center""><span style=""FONT-SIZE: 10pt""><strong>7</strong></span></p></td>
							
<td><span style=""FONT-SIZE: 10pt; TEXT-DECORATION: underline""><strong>กลุ่มพัฒนาระบบบริหาร</strong></span></td>
							
<td><span style=""FONT-SIZE: 10pt; TEXT-DECORATION: underline""><strong>Administrative&nbsp;System&nbsp;Development&nbsp;Division</strong></span></td>
						</tr>
						
<tr bgcolor=""#cccccc"">
							
<td>
								
<p align=""center""><span style=""FONT-SIZE: 10pt""><strong>8</strong></span></p></td>
							
<td><span style=""FONT-SIZE: 10pt; TEXT-DECORATION: underline""><strong>สำนักงานประสานคณะรัฐมนตรีและรัฐสภา</strong></span></td>
							
<td><span style=""FONT-SIZE: 10pt; TEXT-DECORATION: underline""><strong>Cabinet&nbsp;and&nbsp;Congess&nbsp;Coordination&nbsp;Office</strong></span></td>
						</tr>
						
<tr bgcolor=""#66cc66"">
							
<td height=""40"">
								
<p align=""center""><span style=""FONT-SIZE: 10pt"">&nbsp;</span></p></td>
							
<td>
								
<div align=""center""><span style=""FONT-SIZE: 10pt; TEXT-DECORATION: underline""><strong>ประเภทบุคลากรภาครัฐ</strong></span></div></td>
							
<td>
								
<div align=""center""><span style=""FONT-SIZE: 10pt; TEXT-DECORATION: underline""><strong>....................................</strong></span></div></td>
						</tr>
						
<tr>
							
<td>
								
<p align=""center""><span style=""FONT-SIZE: 10pt""><strong>1</strong></span></p></td>
							
<td><span style=""FONT-SIZE: 10pt"">ข้าราชการ</span></td>
							
<td><span style=""FONT-SIZE: 10pt"">&nbsp;Govemnent&nbsp;Officials</span></td>
						</tr>
						
<tr>
							
<td>
								
<p align=""center""><span style=""FONT-SIZE: 10pt""><strong>2</strong></span></p></td>
							
<td>
								
<p align=""left""><span style=""FONT-SIZE: 10pt"">ลูกจ้างประจำ</span></p></td>
							
<td>
								
<p align=""left""><span style=""FONT-SIZE: 10pt"">&nbsp;Permnent&nbsp;Employee</span></p></td>
						</tr>
						
<tr>
							
<td>
								
<p align=""center""><span style=""FONT-SIZE: 10pt""><strong>3</strong></span></p></td>
							
<td>
								
<p align=""left""><span style=""FONT-SIZE: 10pt"">พนักงานราชการ</span></p></td>
							
<td>
								
<p align=""left""><span style=""FONT-SIZE: 10pt"">&nbsp;Government&nbsp;Employee</span></p></td>
						</tr>
						
<tr>
							
<td>
								
<p align=""center""><span style=""FONT-SIZE: 10pt""><strong>4</strong></span></p></td>
							
<td>
								
<p align=""left""><span style=""FONT-SIZE: 10pt"">ลูกจ้างในต่างประเทศ</span></p></td>
							
<td>
								
<p align=""left""><span style=""FONT-SIZE: 10pt"">&nbsp;Employee&nbsp;in&nbsp;Oversea&nbsp;Labour&nbsp;Office</span></p></td>
						</tr>
						
<tr>
							
<td>
								
<p align=""center""><span style=""FONT-SIZE: 10pt""><strong>5</strong></span></p></td>
							
<td><span style=""FONT-SIZE: 10pt"">ลูกจ้างชั่วคราว</span></td>
							
<td><span style=""FONT-SIZE: 10pt"">&nbsp;Temporury&nbsp;Employee</span></td>
						</tr>
					</tbody>
				</table></td>
		</tr>
		
<tr>
			
<td bordercolor=""#339900""></td>
		</tr>
		
<tr>
			
<td bordercolor=""#339900""></td>
		</tr>
		
<tr>
			
<td bordercolor=""#339900""></td>
		</tr>
	</tbody>
</table>",,"0",,,,,"0"
"2","27","1","1",,"0","0",,,,"0",,,,,"0"
"3","28","1","1",,"0","0",,,,"0",,,,,"0"
"4","29","1","1",,"0","0",,,,"0",,,,,"0"
"5","30","1","1",,"0","0",,,,"0",,,,,"0"
"6","31","1","1",,"0","0",,,,"0",,,,,"0"
"7","32","1","1",,"0","0",,,,"0",,,,,"0"
"8","33","1","1",,"0","0",,,,"0",,,,,"0"
"9","34","1","1",,"0","0",,,,"0",,,,,"0"
"10","35","1","1",,"0","0",,,,"0",,,,,"0"
"11","37","1","1",,"0","0",,,,"0",,,,,"0"
"12","38","1","1",,"0","0",,,,"0",,,,,"0"
"13","39","1","1",,"0","0",,,,"0",,,,,"0"
"14","40","1","1",,"0","0",,,,"0",,,,,"0"
"15","41","1","1",,"0","0",,,,"0",,,,,"0"
"16","42","1","1",,"0","0",,,,"0",,,,,"0"
"17","43","1","1",,"0","0",,,,"0",,,,,"0"
"18","44","1","1",,"0","0",,,,"0",,,,,"0"
"19","46","1","1",,"0","0",,"				",,"0",,,,,"0"
"20","48","1","1",,"200","200",,NULL,"MS Sans Serif","1",NULL,NULL,"#000000","left","0"
"21","48","1","2",,"200","200",,NULL,"MS Sans Serif","1",NULL,NULL,"#000000","center","0"
"22","48","2","2",,"200","200",,NULL,"MS Sans Serif","1",NULL,NULL,"#000000","center","0"
"23","48","3","2",,"200","200",,NULL,"MS Sans Serif","1",NULL,NULL,"#000000","center","0"
"24","48","1","3",,"200","200",,NULL,"MS Sans Serif","1",NULL,NULL,"#000000","center","0"
"25","48","2","3",,"200","200",,NULL,"MS Sans Serif","1",NULL,NULL,"#000000","center","0"
"26","48","3","3",,"200","200",,NULL,"MS Sans Serif","1",NULL,NULL,"#000000","center","0"
"27","48","1","4",,"200","200",,NULL,"MS Sans Serif","1",NULL,NULL,"#000000","center","0"
"28","48","2","4",,"200","200",,NULL,"MS Sans Serif","1",NULL,NULL,"#000000","center","0"
"29","48","3","4",,"200","200",,NULL,"MS Sans Serif","1",NULL,NULL,"#000000","center","0"
"30","48","1","5",,"200","200",,NULL,"MS Sans Serif","1",NULL,NULL,"#000000","center","0"
"31","48","2","5",,"200","200",,NULL,"MS Sans Serif","1",NULL,NULL,"#000000","center","0"
"32","48","3","5",,"200","200",,NULL,"MS Sans Serif","1",NULL,NULL,"#000000","center","0"
"33","48","1","6",,"200","200",,NULL,"MS Sans Serif","1",NULL,NULL,"#000000","center","0"
"34","48","2","6",,"200","200",,NULL,"MS Sans Serif","1",NULL,NULL,"#000000","center","0"
"35","48","3","6",,"200","200",,NULL,"MS Sans Serif","1",NULL,NULL,"#000000","center","0"
"36","48","1","7",,"200","200",,NULL,"MS Sans Serif","1",NULL,NULL,"#000000","center","0"
"37","48","2","7",,"200","200",,NULL,"MS Sans Serif","1",NULL,NULL,"#000000","center","0"
"38","48","3","7",,"200","200",,NULL,"MS Sans Serif","1",NULL,NULL,"#000000","center","0"
"39","48","1","8",,"200","200",,NULL,"MS Sans Serif","1",NULL,NULL,"#000000","center","0"
"40","48","2","8",,"200","200",,NULL,"MS Sans Serif","1",NULL,NULL,"#000000","center","0"
"41","48","3","8",,"200","200",,NULL,"MS Sans Serif","1",NULL,NULL,"#000000","center","0"
"42","48","1","9",,"200","200",,NULL,"MS Sans Serif","1",NULL,NULL,"#000000","center","0"
"43","48","2","9",,"200","200",,NULL,"MS Sans Serif","1",NULL,NULL,"#000000","center","0"
"44","48","3","9",,"200","200",,NULL,"MS Sans Serif","1",NULL,NULL,"#000000","center","0"
"45","48","1","10",,"200","200",,NULL,"MS Sans Serif","1",NULL,NULL,"#000000","center","0"
"46","48","2","10",,"200","200",,NULL,"MS Sans Serif","1",NULL,NULL,"#000000","center","0"
"47","48","3","10",,"200","200",,NULL,"MS Sans Serif","1",NULL,NULL,"#000000","center","0"
"48","48","1","11",,"200","200",,NULL,"MS Sans Serif","1",NULL,NULL,"#000000","center","0"
"49","48","2","11",,"200","200",,NULL,"MS Sans Serif","1",NULL,NULL,"#000000","center","0"
"50","48","3","11",,"200","200",,NULL,"MS Sans Serif","1",NULL,NULL,"#000000","center","0"
"51","49","1","1",,"0","0",,,,"0",,,,,"0"
"52","51","1","1",,"0","0",,,,"0",,,,,"0"
"53","53","1","1",,"0","0",,,,"0",,,,,"0"
"54","54","1","1",,"0","0",,"<span style=""FONT-FAMILY: Tahoma; FONT-SIZE: 10pt"">
	
<div>สำหรับรายละเอียดในโครงการฯ (จากการสอบถามที่พบบ่อย) </div>
	
<div><br />
		1. คืนวันที่ 16 มีนาคม 2557 ผู้จัดไม่ได้จอง + ออกค่าที่พักให้ หากประสงค์จะเข้าพักที่โรงแรมที่จัดงาน <br />
		(โรงแรมรอยัลซิตี้) โปรดประสานไปที่โรงแรมด้วยตัวท่านเอง 02-4358444 หรือ www.royalcityhotel.com/ <br />
		แจ้งเจ้าหน้าที่ของทางโรงแรมว่าจากสำนักงานปลัดกระทรวงแรงงาน <br />
		ในราคาที่พัก พักคู่ 1,400 บาท พักเดี่ยว 1,200 บาท ต่อ 1 คืน </div>
	
<div>&nbsp;<br />
		2. แบบตอบรับเรื่องไซด์เสื้อขออนุญาตแจ้งเรียนว่า อาจไม่ได้รับเสื้อตามขนาดไซด์ที่ท่านระบุไว้พอดี <br />
		(เสื้อเป็นเพียง 1 ในกิจกรรมที่ทางผู้จัดคาดว่าจะให้ผู้เข้ารับการอบรมได้ทำร่วมกัน)</div>
	
<div>&nbsp; </div>
	
<div>3. แบบตอบรับหากส่งมาทางผู้จัดแล้ว ผู้จัดไม่ได้รับ หรือรับแล้วไม่ชัดเจน หรือขาดตกบกพร่องประการใด <br />
		ผู้จัดจะโทรติดต่อประสานไปยังหน่วยงานของท่านเองภายในวันที่ 11 มี.ค. 57 </div>
	
<div>&nbsp;<br />
		4. หากประสงค์จะส่งผู้เข้ารับการอบรมเกินกว่า 1 ราย <br />
		รายที่ 2 รับผิดชอบค่าใช้จ่ายจากสำนักงานแรงงานจังหวัดที่ตนสังกัด <br />
		หรือ มีบุคคลอื่นเข้าร่วมเสียค่าใช้จ่ายด้วยตัวท่านเอง </div>
	
<div>&nbsp;<br />
		5. ผู้แจ้งชื่อเข้าอบ จะต้องเป็น เจ้าหน้าที่การเงิน การบัญชี หรือการพัสดุ จากสำนักงานแรงงานจังหวัดเท่านั้น <br />
		หรือ......ผู้ที่ได้รับมอบหมายให้ทำงานในหน้าที่ดังกล่าว (หน้าที่เกี่ยวกับการเงิน การบัญชี และการพัสดุ) </div></span>",,"0",,,,,"0"
"55","63","1","1",,"0","0",,"

<p align=""right""><span style=""FONT-FAMILY: Tahoma; COLOR: rgb(0,0,0)"">&nbsp; &nbsp;&nbsp;</span></p>

<table border=""0"" cellspacing=""1"" cellpadding=""1"" width=""100%"">
	
<tbody>
		
<tr>
			
<td><span style=""FONT-FAMILY: Tahoma; FONT-SIZE: 10pt""><img style=""WIDTH: 201px; HEIGHT: 136px"" alt="""" src=""images/news/may2014/409288667.jpg"" width=""602"" height=""400"" /></span></td>
			
<td><span style=""FONT-FAMILY: Tahoma; FONT-SIZE: 10pt"">&nbsp;</span></td>
			
<td>
				
<p><span style=""FONT-FAMILY: Tahoma; FONT-SIZE: 10pt""><strong>&nbsp;&nbsp;&nbsp;&nbsp;&nbsp;&nbsp;&nbsp;&nbsp;&nbsp;</strong><span style=""FONT-FAMILY: Tahoma; COLOR: #000000; FONT-SIZE: 10pt""><strong>ปลัดกระทรวงแรงงาน เป็นประธานมอบเกียรติบัตร เข็มเชิดชูเกียรติ และโล่ประกาศ</strong><strong>เกียรติคุณแก่ข้าราชการพลเรือนดีเด่นประจำปี 2556 ของหน่วยงานในสังกัดกระทรวงแรงงาน จำนวน 10 ราย แนะข้าราชการดำรงตน ยึดมั่นเที่ยงธรรม มีจิตสำนึก ดูแลประโยชน์สุขของประชาชน</strong><strong>และประเทศชาติ</strong>&nbsp;</span></span></p></td>
		</tr>
	</tbody>
</table>
<!--
break
-->


<div class=""rtecenter""><span style=""FONT-FAMILY: Tahoma; COLOR: rgb(0,0,0); FONT-SIZE: 10pt"">&nbsp; </span></div>

<div class=""rtecenter"" align=""center""><span style=""FONT-FAMILY: Tahoma; COLOR: rgb(0,0,0); FONT-SIZE: 10pt"">&nbsp;</span></div>

<div class=""rtecenter"" align=""center""><span style=""FONT-FAMILY: Tahoma; COLOR: rgb(0,0,0); FONT-SIZE: 10pt"">&nbsp;</span></div>

<div class=""rtecenter"" align=""center"">
	
<div class=""rtecenter""><span style=""COLOR: rgb(0,0,0)"">&nbsp; 
			
<div style=""MARGIN: auto; WIDTH: 460px; VISIBILITY: visible"">
				<embed style=""WIDTH: 460px; HEIGHT: 350px"" height=""350"" name=""r161"" type=""application/x-shockwave-flash"" align=""middle"" width=""460"" src=""http://flash.picturetrail.com/pflicks/3/spflick.swf"" allowscriptaccess=""sameDomain"" bgcolor=""#000000"" wmode=""transparent"" flashvars=""ql=2&amp;src1=http://pic80.picturetrail.com:80/VOL2000/12996955/flicks/1/9012632"" quality=""high"" /> 
				
<p style=""MARGIN-TOP: 10px; WIDTH: 460px; HEIGHT: 24px; whitespace: no-wrap"" class=""rteright""><a href=""http://www.picturetrail.com/sfx/album/view/24544266"" target=""_blank"">Download Images</a></p></div><span style=""FONT-FAMILY: Tahoma; COLOR: rgb(0,0,0); FONT-SIZE: 10pt""></span>
			
<div class=""rtecenter"" align=""center""><span style=""FONT-FAMILY: Tahoma; COLOR: rgb(0,0,0); FONT-SIZE: 10pt"">&nbsp;</span></div><span style=""FONT-FAMILY: Tahoma; COLOR: rgb(0,0,0); FONT-SIZE: 10pt"">
				
<div class=""rtecenter"">&nbsp;&nbsp;&nbsp;&nbsp;&nbsp;&nbsp;&nbsp; </div></span>
			
<div align=""left""><span style=""FONT-FAMILY: Tahoma; COLOR: rgb(0,0,0); FONT-SIZE: 10pt"">&nbsp; &nbsp; &nbsp; &nbsp; &nbsp; <strong>&nbsp;นายจีรศักดิ์ สุคนธชาติ ปลัดกระทรวงแรงงาน</strong> กล่าวในขณะเป็นประธานในพิธีมอบเกียรติบัตร&nbsp;</span><span style=""FONT-FAMILY: Tahoma; COLOR: rgb(0,0,0); FONT-SIZE: 10pt"">เข็มเชิดชูเกียรติและโล่ประกาศเกียรติคุณ แก่ข้าราชการพลเรือนดีเด่นของกระทรวงแรงงาน ประจำปี 2556&nbsp;</span><span style=""FONT-FAMILY: Tahoma; COLOR: rgb(0,0,0); FONT-SIZE: 10pt"">เนื่องในวันข้าราชการพลเรือนประจำปี 2557 ณ ห้องประชุมปกรณ์ อังศุสิงห์ ชั้น 10 กรมพัฒนาฝีมือแรงงาน ว่า ขอชื่นชมยินดีกับข้าราชการพลเรือนดีเด่นทุกท่าน ในโอกาสเป็นเกียรติยิ่งสำหรับข้าราชการพลเรือน จึงขออัญเชิญพระบรมราโชวาทของพระบาทสมเด็จพระเจ้าอยู่หัว เนื่องในวันข้าราชการพลเรือนประจำปี 2557</span><span style=""FONT-FAMILY: Tahoma; FONT-SIZE: 10pt""><span style=""FONT-FAMILY: Tahoma; COLOR: rgb(0,0,0); FONT-SIZE: 10pt"">มากล่าวเพื่อให้ข้าราชการทุกคนน้อมนำไปยึดมั่นเป็นหลักในการปฏิบัติตนและปฏิบัติหน้าที่ราชการ ความว่า ""ข้าราชการไม่ว่าจะอยู่ในตำแหน่งใด ระดับไหน มีหน้าที่อย่างไร ล้วนแต่มีความสำคัญอยู่ในงานของแผ่นดินทั้งสิ้นทุกคน ทุกฝ่ายจึงไม่ควรจะถือตัวแบ่งแยกกัน หากต้องยกย่องนับถือให้เกียรติกัน สมัครสมานร่วมมือ ร่วมคิดกันให้การปฏิบัติบริหารงานของแผ่นดินดำเนินไปอย่างมีเอกภาพและได้ผลที่พึงประสงค์ สมบูรณ์พร้อมทุกส่วน อย่างก็ตามข้าราชการเป็นผู้ทำหน้าที่หลักในการบริหารจัดการภารกิจของประเทศ ด้วยภารกิจและความรับผิดชอบที่สำคัญดังกล่าว จึงเป็นความจำเป็นอย่างยิ่งที่ข้าราชการพลเรือนทั้งหลายจะต้องพึงระลึกถึงการปฏิบัติหน้าที่ ทำงานรับใช้บ้านเมือง เพื่อการพัฒนาประเทศชาติและความผาสุกของประชาชนโดยรวม ตระหนักถึงการประพฤติปฏิบัติตนเป็นข้าราชการที่ดี ทำงานอย่างมีประสิทธิภาพ และคำนึกถึงประโยชน์ต่อประเทศชาติและประชาชนเป็นสำคัญ</span></span></div>
			
<div align=""left""><span style=""FONT-FAMILY: Tahoma; COLOR: rgb(0,0,0); FONT-SIZE: 10pt"">&nbsp; &nbsp; &nbsp; &nbsp; &nbsp;<strong>ปลัดกระทรวงแรงงาน </strong>กล่าวเพิ่มเติมว่า เกียรติยศจากการเป็นข้าราชการพลเรือนดีเด่น จะเป็นความภาคภูมิใจและเป็นศักดิ์ศรีตัวตนเองและวงศ์ตระกูล นอกจากนี้ยังเป็นพันธะสัญญาที่ผูกมัดให้ทุกท่านดำรงตนเป็นข้าราชการที่ดี มุ่งปฏิบัติหน้าที่ และรักษาจรรยาข้าราชการอย่างมีเกียรติและศักดิ์ศรีความเป็นข้าราชการที่สมภาคภูมิ และข้าราชการต้องดำรงตน ยึดมั่นอยู่ในความเที่ยงธรรม และดูแลรักษาประชาชนให้ดีที่สุด ด้วยจิตสำนึกของข้าราชการ เพื่อประโยชน์สุขของประชาชนและประเทศชาติต่อไป</span></div>
			
<div align=""left""><span style=""FONT-FAMILY: Tahoma; COLOR: rgb(0,0,0); FONT-SIZE: 10pt"">&nbsp; &nbsp; &nbsp; &nbsp; &nbsp; ด้าน นางสาวกาญจนา พูลแก้ว นักวิชาการแรงงานชำนาญการพิเศษ กรมสวัสดิการและคุ้มครองแรงงาน กล่าวว่า รู้สึกภูมิใจเป็นอย่างมากที่ได้รับการคัดเลือกให้เป็นข้าราชการพลเรือนดีเด่นประจำปี 2556&nbsp;</span></div>
			
<div align=""left""><span style=""FONT-FAMILY: Tahoma; COLOR: rgb(0,0,0); FONT-SIZE: 10pt"">โดยส่วนตัวแล้วมองว่าบุคลิกลักษณะเป็นคนที่ทำอะไรก็แล้วแต่จะอดทนต่อสู้ ไม่ว่างานที่ได้รับนั้นจะถนัดหรือไม่ และจะรู้สิทธิรู้หน้าที่ ส่วนแนวทางการทำงานของข้าราชการจะต้องมีความรับผิดชอบ ซื่อสัตย์สุจริต มุ่งมั่นทำงาน แก้ไขปัญหาที่เกิดขึ้น ส่วนสิ่งที่อยากฝากข้าราชการรุ่นใหม่ว่า ข้าราชการดีเด่นไม่จำเป็นต้องสมบูรณ์แบบทุกเรื่อง แต่ขอให้ทุกคนใช้ความพยายามในการทำงาน อย่าท้อถอย</span></div>
			
<div align=""left""><span style=""FONT-FAMILY: Tahoma; COLOR: rgb(0,0,0); FONT-SIZE: 10pt"">&nbsp; &nbsp; &nbsp; &nbsp; &nbsp;นายธนากร โชติจิระกร พนักงานขับรถยนต์ ส.2 กรมพัฒนาฝีมือแรงงาน กล่าวว่า ตอนแรกไม่คิดว่าจะได้รับการคัดเลือกให้เป็นข้าราชการพลเรือนดีเด่น เมื่อได้รับการคัดเลือกก็รู้สึกมีเกียรติและภาคภูมิใจต่อตนเองและครอบครัว ส่วนแนวทางในการทำงานนั้น เราต้องรู้จักหน้าที่ของเรา และทำหน้าที่ของเราให้ดีที่สุด โดยไม่ทำให้ใครเดือดร้อน และอยากฝากให้ข้าราชการรุ่นใหม่ตั้งใจทำหน้าที่ของเราให้ดีที่สุดและปฏิบัติหน้าที่เพื่อประโยชน์สูงสุดของประทศชาติ</span><span style=""FONT-FAMILY: Tahoma; COLOR: rgb(0,0,0); FONT-SIZE: 10pt""><br />
					</span></div>
			
<div align=""left""><span style=""FONT-FAMILY: Tahoma; COLOR: rgb(0,0,0); FONT-SIZE: 10pt"">&nbsp; &nbsp; &nbsp; &nbsp; &nbsp;นางสาวมนทวรรณ อุดมปณิธ นิติกรชำนาญการ กรมการจัดหางาน กล่าวว่า การได้รับคัดเลือกเป็นข้าราชการพลเรือนดีเด่นในครั้งนี้เป็นความภาคภูมิใจแก่ตนเองและครอบครัวเป็นอย่างยิ่ง ซึ่งถือว่าเราได้ปฏิบัติตนต่อหน้าที่และรับผิดชอบตามที่ผู้บังคับบัญชามอบหมาย ส่วนแนวคิดในการทำงาน คือ ยึดถือระเบียบกฎหมาย คุณธรรม ความถูกต้อง ซื่อสัตย์ต่อหน้าที่ ทำตามสิ่งที่เราได้รับมอบหมาย</span></div>
			
<div align=""left""><span style=""FONT-FAMILY: Tahoma; COLOR: rgb(0,0,0); FONT-SIZE: 10pt"">&nbsp; &nbsp; &nbsp; &nbsp; นางสาวประณีต นาคคล้าย นักวิชาการแรงงานชำนาญการ สำนักงานประกันสังคม กล่าวว่า รู้สึกเป็นเกียรติและภูมิใจที่ได้รับรางวัลข้าราชการพลเรือนดีเด่น ส่วนบุคลิกส่วนตัวแล้วจะเป็นคนชอบช่วยเหลือทุกคนที่เข้ามาติดต่อราชการ ขณะที่แนวทางที่ยึดถือในการปฏิบัติงาน คือ มีสติ เชื่อมั่นและซื่อสัตย์</span></div>
			
<div align=""left""><span style=""FONT-FAMILY: Tahoma; COLOR: rgb(0,0,0); FONT-SIZE: 10pt"">&nbsp; &nbsp; &nbsp; &nbsp; ส่วนนางสาวณิชาภัทร ใจซื่อ นักทรัพยากรบุคคลชำนาญการ สำนักงานปลัดกระทรวงแรงงาน กล่าวว่า รู้สึกดีใจที่เราได้ทุ่มเททำงานเพื่อองค์กร ส่วนบุคลิกลักษณะในการทำงานมักจะดูแลตนเองให้ดี พูดจาดีและแต่งกายให้เหมาะสม ด้านหลักในการทำงานจะตั้งใจศึกษากฎระเบียบใหม่ๆ จากสำนักงาน ก.พ. เพื่อดูแลข้าราชการในสังกัดสำนักงานปลัดกระทรวง</span></div>
			
<div class=""rtecenter""><span style=""FONT-FAMILY: Tahoma; COLOR: rgb(0,0,0); FONT-SIZE: 10pt"">&nbsp;</span></div>
			
<div class=""rtecenter"" align=""center""><span style=""FONT-FAMILY: Tahoma; COLOR: rgb(0,0,0); FONT-SIZE: 10pt"">---------------------------------</span></div>
			
<div class=""rteright"" align=""right""><span style=""FONT-FAMILY: Tahoma; COLOR: rgb(0,0,0); FONT-SIZE: 10pt"">กลุ่มงานเผยแพร่ประชาสัมพันธ์/</span></div>
			
<div class=""rteright"" align=""right""><span style=""FONT-FAMILY: Tahoma; COLOR: rgb(0,0,0); FONT-SIZE: 10pt"">ชนินทร เพ็ชรทับ  ข่าว/</span></div>
			
<div class=""rteright"" align=""right""><span style=""FONT-FAMILY: Tahoma; COLOR: rgb(0,0,0); FONT-SIZE: 10pt"">สมภพ ศีลบุตร  ภาพ/</span></div>
			
<div class=""rteright"" align=""right""><span style=""FONT-FAMILY: Tahoma; COLOR: rgb(0,0,0); FONT-SIZE: 10pt"">25 เมษายน 2557</span></div><span style=""FONT-FAMILY: Tahoma; COLOR: rgb(0,0,0); FONT-SIZE: 10pt"">
				
<div align=""right""><br />
					</div></span><span style=""FONT-FAMILY: Tahoma; COLOR: rgb(0,0,0); FONT-SIZE: 10pt"">
				
<div><br />
					</div></span>
			
<div><span style=""FONT-FAMILY: Tahoma; FONT-SIZE: 10pt"">&nbsp;</span></div></span></div></div>",,"0",,,,,"0"
"56","75","1","1",,"0","0",,"

<div><br />
	<span style=""FONT-FAMILY: Tahoma; FONT-SIZE: 10pt"">เอกสารประกอบด้วย <br />
		1. </span><a href=""download/Manual/1.pdf""><span style=""FONT-FAMILY: Tahoma; FONT-SIZE: 10pt"">คู่มือการทดลองราชการของ ก.พ.</span></a><span style=""FONT-FAMILY: Tahoma; FONT-SIZE: 10pt""><br />
		2. แบบฟอร์ม <br />
		&nbsp;&nbsp;&nbsp; 2.1 แบบมอบหมายงาน <br />
		&nbsp;&nbsp;&nbsp; 2.2 แบบบันทึกผล (ผู้ดูแลการทดลองฯ) <br />
		&nbsp;&nbsp;&nbsp; 2.3 <a href=""download/Manual/3_0.doc"" target=""_blank"">แบบประเมินผล (ผู้บังคับบัญชา)</a> <br />
		&nbsp;&nbsp;&nbsp; 2.4 <a href=""download/Manual/2_4.doc"" target=""_blank"">แบบประเมินผล (คณะกรรมการ) </a><br />
		&nbsp;&nbsp;&nbsp; 2.5 <a href=""download/Manual/2_5.doc"" target=""_blank"">แบบรายงานผล (ประธานกรรมการ)</a>&nbsp;<br />
		3. <a href=""download/Manual/3.doc"" target=""_blank"">กรณีขยายระยะเวลาการทดลองราชการ</a> <br />
		4. <a href=""download/Manual/4.doc"" target=""_blank"">ตัวอย่างคำสั่งแต่งตั้งคณะกรรมการทดลองราชการ (ส่วนภูมิภาค)</a> <br />
		5. <a href=""download/Manual/5.pdf"" target=""_blank"">ตัวอย่างการกรอกแบบฟอร์ม</a> <br />
		6. <a href=""download/Manual/6.pdf"" target=""_blank"">หนังสือมอบอำนาจผู้ว่าฯ</a> </span></div>

<div><span style=""FONT-FAMILY: Tahoma; FONT-SIZE: 10pt"">&nbsp;</span></div>

<div><span style=""FONT-FAMILY: Tahoma; FONT-SIZE: 10pt""><span style=""TEXT-DECORATION: underline"">หมายเหตุ</span> 1. กรณีส่วนภูมิภาค สามารถดำเนินการได้จนจบกระบวนการ แล้วให้ส่งคำสั่งให้ข้าราชการพ้นการทดลองราชการให้ส่วนกลาง (สำนักบริหารทรัพยากรบุคคล) เพื่อดำเนินการในส่วนที่เกี่ยวข้องต่อไป <br />
		&nbsp;&nbsp;&nbsp;&nbsp;&nbsp;&nbsp;&nbsp;&nbsp;&nbsp;&nbsp;&nbsp;&nbsp;&nbsp; 2. กรณีส่วนกลาง สำนักบริหารทรัพยากรบุคคลจะดำเนินการแต่งตั้งคณะกรรมการฯ และเสนอคำสั่งให้ข้าราชการพ้น การทดลองราชการ</span></div>",,"0",,,,,"0"
"57","89","1","1",,"0","0",,"

<div><span style=""FONT-FAMILY: Tahoma; FONT-SIZE: 10pt""><span style=""COLOR: #006400""><strong>ประเมินผลการปฏิบัติราชการและการเลื่อนเงินเดือน </strong></span><br />
		<br />
		<strong>วิธีการ / กระบวนการ / ขั้นตอน <br />
			</strong>1. หน่วยงานจัดทำคำรับรองของผู้อำนวยการเพื่อเซ็นข้อตกลงการปฏิบัติราชการกับอธิบดีกรมการแพทย์,รองอธิบดีกรมการแพทย์ที่กำกับดูแล <br />
		2. ดำเนินการถ่ายทอดตัวชี้วัด จัดทำคำรับรองการปฏิบัติราชการระดับกลุ่มภารกิจ / กลุ่มงาน / ฝ่าย จนถึงระดับรายบุคคล <br />
		3. จัดเก็บผลงานตามคำรับรองการปฏิบัติราชการรายบุคคล (เมื่อสิ้นรอบการประเมิน) <br />
		4. ผู้บังคับบัญชาประเมินผลการปฏิบัติราชการและสมรรถนะรวมถึงงานที่ได้รับมอบหมายพิเศษตามหลักเกณฑ์และวิธีการที่กรมการแพทย์กำหนด <br />
		5. ดำเนินการประชุมคณะกรรมการกลั่นกรองผลการปฏิบัติราชการของข้าราชการในหน่วยงานโดยคณะกรรมการกลั่นกรองระดับหน่วยงานมีหน้าที่เสนอความเห็นเกี่ยวกับผลการประเมินการปฏิบัติราชการของข้าราชการพลเรือนสามัญ ประเภทวิชาการ และประเภททั่วไปทุกระดับ ในหน่วยงานนั้นๆ และนำเสนอคณะกรรมการกลั่นกรองระดับกรมฯ พิจารณาต่อไป <br />
		6. หน่วยงานจัดทำคำขอเลื่อนเงินเดือนข้าราชการส่งมาที่กรมการแพทย์ <br />
		7. สำนักบริหารทรัพยากรบุคคลดำเนินการจัดประชุมคณะกรรมการกลั่นกรองผลการปฏิบัติราชการของกรมการแพทย์ โดยคณะกรรมการกลั่นกรองผลการปฏิบัติราชการของกรมการแพทย์มีหน้าที่เสนอความเห็นเกี่ยวกับผลการประเมินการปฏิบัติราชการของข้าราชการพลเรือนสามัญ ประเภทอำนวยการ ประเภทวิชาการ และประเภททั่วไปทุกระดับ <br />
		8. สำนักบริหารทรัพยากรบุคคลจัดทำคำสั่งเลื่อนเงินเดือนเพื่อเสนอให้กรมการแพทย์พิจารณาอนุมัติ <br />
		9. หน่วยงานต้นสังกัดแจ้งผลการเลื่อนเงินเดือนให้ข้าราชการทราบเป็นการเฉพาะแต่ละบุคคลหลังจากได้รับคำสั่งเงินเดือนจากกรมการแพทย์ <br />
		<br />
		<strong>ระเบียบ หลักเกณฑ์ที่เกี่ยวข้อง </strong><br />
		-&nbsp;<a href=""download/pdf/privilege/rb_01.pdf"">หนังสือสำนักงาน ก.พ. ที่ นร 1012/ว 20 ลงวันที่ 3 กันยายน 2552 เรื่องหลักเกณฑ์และวิธีการประเมินประสิทธิภาพและประสิทธิผลการปฏิบัติงานของข้าราชการพลเรือนสามัญ</a>&nbsp; <br />
		- <a href=""download/pdf/privilege/rb_02.pdf"">หนังสือสำนักงาน ก.พ. ที่ นร 1008/ว 27 ลงวันที่ 29 กันยายน 2552 เรื่องมาตรฐานและแนวทางการกำหนดความรู้ความสามารถ ทักษะ และสมรรถนะที่จำเป็นสำหรับตำแหน่งข้าราชการพลเรือนสามัญ</a>&nbsp; <br />
		- <a href=""download/pdf/privilege/rb_03.pdf"">หนังสือสำนักงาน ก.พ. ที่ นร 1008/ว 28 ลงวันที่ 22 ตุลาคม 2552 เรื่องการเลื่อนเงินเดือนข้าราชการตามพระราชบัญญัติระเบียบข้าราชการพลเรือน พ.ศ.2551</a>&nbsp; <br />
		- <a href=""download/pdf/privilege/rb_04.pdf"">หนังสือกรมการแพทย์ที่ สธ 0302/2641 ลงวันที่ 14 ตุลาคม 2552 เรื่องหลักเกณฑ์และวิธีการประเมินผลการปฏิบัติราชการของข้าราชการพลเรือนสามัญ</a>&nbsp; <br />
		-&nbsp;<a href=""download/pdf/privilege/rb_05.pdf"">หนังสือกรมการแพทย์ที่ สธ 0302/160 ลงวันที่ 19 มกราคม 2552 เรื่องการกำหนดสมรรถนะหลักและรายละเอียดพฤติกรรมบ่งชี้ของกรมการแพทย์</a>&nbsp;&nbsp; <br />
		- <a href=""download/pdf/privilege/rb_06.pdf"">หนังสือกรมการแพทย์ที่ สธ 0319/810 ลงวันที่ 31 มีนาคม 2553 เรื่องการเลื่อนเงินเดือนและการให้ค่าตอบแทนพิเศษข้าราชการ</a>&nbsp;&nbsp; <br />
		-&nbsp;<a href=""download/pdf/privilege/rb_07.pdf"">หนังสือกรมการแพทย์ที่ สธ 0319/3038 ลงวันที่ 15 ธันวาคม 2553 เรื่องหลักเกณฑ์และวิธีการประเมินผลการปฏิบัติราชการของข้าราชการพลเรือนสามัญของกรมการแพทย์</a>&nbsp;&nbsp; <br />
		- <a href=""download/pdf/privilege/rb_08.pdf"">หนังสือกรมการแพทย์ที่ สธ 0319/963 ลงวันที่ 6 พฤษภาคม 2554 เรื่องแนวทางปฏิบัติสำหรับการเลื่อนเงินเดือนข้าราชการ</a>&nbsp; &nbsp;<br />
		- <a href=""download/pdf/privilege/rb_09.pdf"">หนังสือกรมการแพทย์ที่ สธ 0319/1596 ลงวันที่ 25 กรกฎาคม 2554 เรื่องแนวทางปฏิบัติสำหรับการเลื่อนเงินเดือนข้าราชการ</a> &nbsp;<br />
		- <a href=""download/pdf/privilege/rb_10.rar"">หนังสือกรมการแพทย์ที่ สธ 0319/ว356 ลงวันที่ 22 กรกฎาคม 2554 เรื่องแนวทางปฏิบัติสำหรับการประเมินสมรรถนะ</a> &nbsp;<br />
		- <a href=""download/pdf/privilege/rb_11.pdf"">หนังสือสำนักงาน ก.พ. ที่ นร 1008.1/ว 11ลงวันที่ 6 มิถุนายน 2554 เรื่องการเลื่อนเงินเดือนข้าราชการพลเรือนสามัญ</a> &nbsp;&nbsp;<br />
		- <a href=""download/pdf/privilege/rb_12.pdf"">ระเบียบกระทรวงการคลัง ว่าด้วยการเบิกจ่ายเงินเพิ่มค่าครองชีพชั่วคราวของข้าราชการและลูกจ้างประจำของส่วนราชการ (ฉบับที่ 5) พ.ศ. 2555</a> &nbsp;<br />
		- <a href=""download/pdf/privilege/rb_13.pdf"">หนังสือกรมการแพทย์ที่ สธ 0319/2915 ลงวันที่ 4 ธันวาคม 2555 เรื่องการเลื่อนเงินเดือนและการให้ค่าตอบแทนพิเศษข้าราชการ</a> &nbsp;<br />
		<br />
		<strong>แบบฟอร์ม <br />
			</strong>- <a href=""download/pdf/privilege/bf_01.pdf"">บันทึกคำรับรองตามเอกสารแนบ</a> &nbsp;<br />
		- <a href=""download/pdf/privilege/bf_02.pdf"">ลข.1 - 6</a> &nbsp;<br />
		- <a href=""download/pdf/privilege/bf_03.xls"">ลข.1 - 6 (Excel)</a>&nbsp;&nbsp;<br />
		</span></div>

<div><span style=""FONT-FAMILY: Tahoma; FONT-SIZE: 10pt"">&nbsp;</span></div>

<div><span style=""FONT-FAMILY: Tahoma; FONT-SIZE: 10pt"">&nbsp;</span></div>

<div><span style=""FONT-FAMILY: Tahoma; FONT-SIZE: 10pt""></span></div>",,"0",,,,,"0"
"58","90","1","1",,"0","0",,"

<div><span style=""FONT-FAMILY: Tahoma; COLOR: #006400; FONT-SIZE: 10pt""><strong>พ้นทดลองปฏิบัติราชการ </strong></span></div><span style=""FONT-FAMILY: Tahoma; FONT-SIZE: 10pt"">
	
<div><br />
		<strong>ขั้นตอนการดำเนินการพ้นทดลองปฏิบัติหน้าที่ราชการ</strong> <br />
		1. แต่งตั้งคณะกรรมการประเมินผลการทดลองปฏิบัติหน้าที่ราชการ <br />
		2. หน่วยงานต้นสังกัดจัดการปฐมนิเทศข้าราชการใหม่ <br />
		3. หน่วยงานต้นสังกัดจัดทำแบบมอบหมายงานการทดลองปฏิบัติหน้าที่ราชการ <br />
		4. หน่วยงานต้นสังกัดต้องให้ผู้ทดลองปฏิบัติหน้าที่ราชการมีการเรียนรู้ด้วยตนเอง โดยใช้ชุดการเรียนรู้ด้วยตนเอง ""หลักสูตรฝึกอบรมข้าราชการใหม่"" ของสำนักงาน ก.พ. <br />
		5. หน่วยงานต้นสังกัดต้องส่งข้าราชการผู้ทดลองปฏิบัติหน้าที่ราชการเข้าร่วม การอบรมสัมนาร่วมกัน โดยใช้หลักสูตร ""หลักสูตร การเป็นข้าราชการที่ดี"" ของสำนักงาน ก.พ. <br />
		6. หน่วยงานต้นสังกัดโดยผู้ดูแลการทดลองปฏิบัติราชการเขียนรายงานแบบบันทึกผลการทดลองปฏิบัติหน้าที่ราชการและให้ข้อมูลย้อนกลับแก่ผู้ทดลองปฏิบัติหน้าที่ราชการทุกๆ 2 เดือน <br />
		7. หน่วยงานต้นสังกัดจัดทำแบบประเมินผลการทดลองปฏิบัติหน้าที่ราชการสำหรับผู้บังคับบัญชา <br />
		8. หน่วยงานต้นสังกัดจัดประชุมคณะกรรมการประเมินผลการทดลองปฏิบัติหนัาที่ราชการ รอบ3เดือน รอบ6เดือน และกรณีขยายเวลา <br />
		9. หน่วยงานต้นสังกัดจัดทำแบบรายงานการประเมินผลการทดลองปฏิบัติหน้าที่ราชการและดำเนินการจัดส่งเอกสารมายังสำนักบริหารทรัพยากรบุคคล <br />
		10. สำนักบริหารทรัพยากรบุคคลเสนอคำสั่งให้กรมลงนามและแจ้งให้หน่วยงานต้นสังกัดทราบ</div>
	
<div>&nbsp;&nbsp;</div>
	
<div><strong></strong></div>
	
<div><strong>ระเบียบ หลักเกณฑ์ที่เกี่ยวข้อง</strong> <br />
		- <a href=""download/pdf/privilege/rb_1.pdf"">กฎ ก.พ.ว่าด้วยการทดลองปฏิบัติราชการและหารพัฒนาข้าราชการที่อยู่ระหว่างทดลองปฏิบัติหน้าที่ราชการ พ.ศ. 2553</a>&nbsp; &nbsp;<br />
		- <a href=""download/pdf/privilege/rb_2.pdf"">หนังสือกรมการแพทย์ที่ สธ 0302/1973 ลงวันที่ 16 สิงหาคม 2553 เรื่องกฎ ก.พ.ว่าด้วยการทดลองปฏิบัติหน้าที่ราชการและการพัฒนาข้าราชการที่อยู่ระหว่างทดลองปฏิบัติหน้าที่ราชการ พ.ศ. 2553</a> &nbsp;&nbsp;<br />
		- <a href=""download/pdf/privilege/rb_3.pdf"">หนังสือกรมการแพทย์ที่ สธ 0302/2653 ลงวันที่ 27 ตุลาคม 2553 เรื่องแก้ไขหลักเกณฑ์ แนวทางและคู่มือการปฏิบัติตามกฎ ก.พ. ว่าด้วยการทดลองปฏิบัติหน้าที่ราชการและการพัฒนาข้าราชการที่อยู่ระหว่างทอลองปฏิบัติหน้าที่ราชการ</a> &nbsp;<br />
		- <a href=""download/pdf/privilege/rb_4.pdf"">หนังสือสำนักบริหารทรัพยากรบุคคลที่ สธ 0302/ว529 ลงวันที่ 24 กันยายน 2553 เรื่องการดำเนินการพัฒนาข้าราชการพลเรือนที่อยู่ระหว่างทดลองปฏิบัติหน้าที่ราชการ</a> &nbsp;&nbsp;<br />
		- <a href=""download/pdf/privilege/rb_5.pdf"">หนังสือสำนักบริหารทรัพยากรบุคคลที่ สธ 0302/ว169 ลงวันที่ 8 เมษายน 2554 เรื่องซักซ้อมความเข้าใจตามแนวทางและคู่มือการปฏิบัติตามกฎ ก.พ. ว่าด้วยการทดลองปฏิบัติหน้าที่ราชการและการพัฒนาข้าราชการที่อยู่ระหว่างทดลองปฏิบัติหน้าที่ราชการ พ.ศ. 2553</a> &nbsp;<br />
		- <a href=""download/pdf/privilege/v487.pdf"">หนังสือสำนักบริหารทรัพยากรบุคคลที่ สธ 0319/ว487 ลงวันที่ 10 สิงหาคม 2555 เรื่องซักซ้อมความเข้าใจเรื่องการแต่งตั้งคณะกรรมการการประเมินผลการทดลองปฏิบัติหน้าที่ราชการตามกฏ ก.พ. ว่าด้วยการทดลองปฏิบัติหน้าที่ราชการและการพัฒนาข้าราชการที่อยู่ระหว่างการทดลองปฏิบัติหน้าที่ราชการ พ.ศ.2553</a> </div>
	
<div><br />
		<strong>แบบฟอร์ม</strong> <br />
		- <a href=""download/pdf/privilege/bf_1.pdf"">แบบมอบหมายงานการทดลองปฏิบัติหน้าที่ราชการ</a> &nbsp;<br />
		- <a href=""download/pdf/privilege/bf_2.pdf"">แบบมอบหมายงานการทดลองปฏิบัติหน้าที่ราชการ(สำหรับผู้ดูแลการทดลองปฏิบัติหน้าที่ราชการ)</a> &nbsp;<br />
		- <a href=""download/pdf/privilege/bf_3.pdf"">แบบบันทึกผลการทดลองปฏิบัติหน้าที่ราชการ(สำหรับผู้บังคับบัญชา)</a> &nbsp;<br />
		- <a href=""download/pdf/privilege/bf_4.pdf"">แบบประเมินผลการทดลองปฏิบัติหน้าที่ราชการ(สำหรับคณะกรรมการประเมินผลการทดลองปฏิบัติหน้าที่ราชการ)</a> &nbsp;<br />
		- <a href=""download/pdf/privilege/bf_5.pdf"">แบบประเมินผลการทดลองปฏิบัติหน้าที่ราชการ(สำหรับประธานกรรมการประเมินผลการทดลองปฏิบัติหน้าที่ราชการ)</a> &nbsp;<br />
		- <a href=""download/pdf/privilege/bf_6.pdf"">แบบรายงานการประเมินผลการทดลองปฏิบัติหน้าที่ราชการกรณีขยายเวลาการทดลองปฏิบัติหน้าที่ราชการ</a>&nbsp; &nbsp;&nbsp;<br />
		- <a href=""download/pdf/privilege/bf_7.pdf"">ตัวอย่างคำสั่ง แต่งตั้งคณะกรรมการประเมินผลการทดลองปฏิบัติหน้าที่ราชการ</a> </div>
	
<div>&nbsp;</div>
	
<div>&nbsp;</div>
	
<div>&nbsp;</div></span>",,"0",,,,,"0"
"59","91","1","1",,"0","0",,"

<table border=""0"" cellspacing=""0"" cellpadding=""0"" width=""100%"">
	
<tbody>
		
<tr>
			
<td align=""center"">
				
<object codebase=""http://download.macromedia.com/pub/shockwave/cabs/flash/swflash.cab#version=9,0,28,0"" classid=""clsid:D27CDB6E-AE6D-11cf-96B8-444553540000"" width=""750"" height=""760"">
<param name=""_cx"" value=""19843"" />
<param name=""_cy"" value=""20108"" />
<param name=""FlashVars"" value="""" />
<param name=""Movie"" value=""http://www.mol.go.th//sites/default/files/banner/flash/orgchart_3.swf"" />
<param name=""Src"" value=""http://www.mol.go.th//sites/default/files/banner/flash/orgchart_3.swf"" />
<param name=""WMode"" value=""Transparent"" />
<param name=""Play"" value=""-1"" />
<param name=""Loop"" value=""-1"" />
<param name=""Quality"" value=""High"" />
<param name=""SAlign"" value="""" />
<param name=""Menu"" value=""-1"" />
<param name=""Base"" value="""" />
<param name=""AllowScriptAccess"" value="""" />
<param name=""Scale"" value=""ShowAll"" />
<param name=""DeviceFont"" value=""0"" />
<param name=""EmbedMovie"" value=""0"" />
<param name=""BGColor"" value="""" />
<param name=""SWRemote"" value="""" />
<param name=""MovieData"" value="""" />
<param name=""SeamlessTabbing"" value=""1"" />
<param name=""Profile"" value=""0"" />
<param name=""ProfileAddress"" value="""" />
<param name=""ProfilePort"" value=""0"" />
<param name=""AllowNetworking"" value=""all"" />
<param name=""AllowFullScreen"" value=""false"" />
<param name=""AllowFullScreenInteractive"" value="""" />
<param name=""IsDependent"" value=""0"" />
                        
            <embed type=""application/x-shockwave-flash"" pluginspage=""http://www.adobe.com/shockwave/download/download.cgi?P1_Prod_Version=ShockwaveFlash"" quality=""high"" src=""/sites/default/files/banner/flash/orgchart_3.swf""></embed></object></td>
		</tr>
	</tbody>
</table>",,"0",,,,,"0"
"60","92","1","1",,"0","0",,"

<div><br />
	<span style=""FONT-FAMILY: Tahoma; FONT-SIZE: 10pt""><strong>อำนาจหน้าที่ของสำนักงานรัฐมนตรี </strong><br />
		มีอำนาจหน้าที่ดังต่อไปนี้ <br />
		&#9830; รวบรวมข้อมูลและวิเคราะห์ กลั่นกรองเรื่องเพื่อเสนอต่อรัฐมนตรีรวมทั้งเสนอความเห็นประกอบการวินิจฉัยสั่งการของรัฐมนตรี <br />
		&#9830; สนับสนุนการทำงานของรัฐมนตรีในการดำเนินงานทางการเมืองระหว่างรัฐมนตรีคณะรัฐมนตรี รัฐสภาและประชาชน <br />
		&#9830; ประสานงานการตอบกระทู้ ชี้แจงญัตติ ร่างพระราชบัญญัติ และกิจการอื่นทางการเมือง <br />
		&#9830; ดำเนินการพิจารณาเรื่องร้องทุกข์ ร้องเรียน หรือ ร้องขอความช่วยเหลือต่อรัฐมนตรี หรือ ตามที่รัฐมนตรีหรือคณะรัฐมนตรีมอบหมายและได้แบ่งส่วนราชการในสำนักงาน รัฐมนตรี เป็น 1 งาน 2 กลุ่มคือ <br />
		</span></div>

<div><span style=""FONT-FAMILY: Tahoma; FONT-SIZE: 10pt"">งานบริหารทั่วไป <br />
		รับผิดชอบงาน เลขานุการและงานประชุมของรัฐมนตรงานบริหารทั่วไปและช่วยอำนวยการของสำนักงาน รัฐมนตรีปฏิบัติงานร่วมกับสนับสนุนการปฏิบัติงานของหน่วยงานอื่นที่เกี่ยว ข้อง หรือที่ได้รับมอบหมาย <br />
		<br />
		กลุ่มงานประสานการเมือง <br />
		รับ ผิดชอบการประสานนโยบายระหว่างกระทรวงและประสานกับรัฐสภาตามที่รัฐมนตรีมอบ หมายการประชาสัมพันธ์ชี้แจงทำความเข้าใจและให้ข้อมูลแก่สื่อมวลชนรับเรื่อง ราวร้องทุกข์ของประชาชนและงานรับข้อร้องเรียนขอความช่วยเหลือต่อรัฐมนตรี ปฏิบัติงานร่วมกับหรือสนับสนุน การปฏิบัติงานของหน่วยงาน อื่นที่เกี่ยวข้องหรือที่ได้รับมอบหมาย <br />
		<br />
		กลุ่มสนับสนุนวิชาการ <br />
		มี อำนาจหน้าที่เกี่ยวกับการประสาน วิเคราะห์สถานการณ์ ติดตามความเคลื่อนไหวทางการเมืองและรายงานเพื่อการวินิจฉัยสั่งการของ รัฐมนตรี ปฏิบัติงานร่วมกับหรือสนับสนุนการปฏิบัติงานของหน่วยงานอื่นที่เกี่ยวข้อง หรือที่ได้รับมอบหมาย <br />
		<br />
		<strong>สำนักบริหารกลาง </strong><br />
		มีอำนาจหน้าที่ดังต่อไปนี้ <br />
		&#9830; ดำเนินการเกี่ยวกับการบริหารงานทั่วไปของสำนักงานปลัดการะทรวง รวมถึงงานช่วยอำนวยการ <br />
		&#9830; ดำเนินการเกี่ยวกับการพัฒนาองค์กรและจัดระบบงาน <br />
		&#9830; บริหารแผนงาน ดำเนินกานเกี่ยวกับการเงิน บัญชี งบประมาณ พัสดุ และอาคารสถานที่ของกระทรวง <br />
		&#9830; บริหารแผนคน ดำเนินการเกี่ยวกับการบริหารงานบุคคลและเสริมสร้างวินัยและระบบคุณธรรม <br />
		&#9830; พัฒนาและฝึกอบรมความรู้ด้านแรงงานแก่ข้าราชการของกระทรวง ผู้บริหาร องค์การด้านแรงงานและ <br />
		บุคคลอื่นที่เกี่ยวข้อง <br />
		&#9830; ดำเนินการเกี่ยวกับงานกฎหมายและระเบียบในความรับผิดชอบ ของกระทรวงและกฎหมายอื่นที่เกี่ยว <br />
		ข้อง งานนิติกรรมและ สัญญา งานเกี่ยวกับความรับผิดในทางแพ่ง งานบริการทางกฎหมาย และงาน <br />
		คดีที่อยู่ในอำนาจหน้าที่ของกระทรวง รวมทั้งดำเนินการเกี่ยวกับการอุทธรณ์ที่อยู่ในความรับผิดชอบ <br />
		ของกระทรวง <br />
		&#9830; ดำเนินการเกี่ยวกับการประชาสัมพันธ์ และดำเนินการประมวล สรุป วิเคราะห์ ประเมินข่าวสาร ภาพ <br />
		ลักษณ์ของกระทรวง <br />
		&#9830; ปฏิบัติงานร่วมกับหรือสนับสนุนการปฏิบัติงานของหน่วยงานที่เกี่ยวข้อง หรือที่ได้รับมอบหมาย <br />
		<br />
		<br />
		<strong>ศูนย์เทคโนโลยีสารสนเทศและการสื่อสาร </strong><br />
		มีอำนาจหน้าที่ดังต่อไปนี้ <br />
		&#9830; จัดทำแผนแม่บทและแผนปฏิบัติการเทคโนโลยี สารสนเทศและการสื่อสารของกระทรวงให้ <br />
		สอดคล้องกับมาตรฐานกลางและ นโยบายเทคโนโลยีสารสนเทศและการสื่อสารของประเทศ <br />
		&#9830; พัฒนาระบบงานคอมพิวเตอร์และเครือข่าย รวมทั้งให้คำปรึกษาแนะนำหรือฝึกอบรมการใช้ <br />
		คอมพิวเตอร์และการใช้โปรแกรม <br />
		&#9830; ดำเนินการเกี่ยวกับการบริหารจัดการเทคโนโลยีสารสนเทศและการสื่อสารของหน่วยงานใน <br />
		สังกัดกระทรวง <br />
		&#9830; ดูแลรับผิดชอบความมั่นคงของเทคโนโลยีสารสนเทศและการสื่อสารของกระทรวง <br />
		&#9830; ปฏิบัติงานร่วมกับหรือสนับสนุนการปฏิบัติงานของหน่วยงานที่เกี่ยวข้องหรือที่ได้รับมอบหมาย <br />
		<br />
		<br />
		<strong>สำนักตรวจและประเมินผล </strong><br />
		มีอำนาจหน้าที่ดังต่อไปนี้ <br />
		&#9830; ติดตาม ตรวจสอบ รายงานผลความก้าวหน้าในการปฏิบัติงานของส่วนราชการ <br />
		&#9830; ติดตาม ตรวจสอบการปฏิบัติราชการของส่วนราชการเพื่อให้เป็นไปและสอดคล้องกับกฎ ระเบียบ <br />
		และขั้นตอนที่กำหนด <br />
		&#9830; ติดตาม ตรวจสอบการใช้ทรัพยากรเพื่อให้มีการจัดสรร การเกลี่ย และประสานระหว่างส่วนราชการให้ <br />
		เกิดความประหยัด คุ้มค่า และสมประโยชน์ <br />
		&#9830; ประเมินผลสัมฤทธิ์ของงานตามภารกิจของส่วนราชการ <br />
		&#9830; สนับสนุนการตรวจราชการและดำเนินการเกี่ยวกับเรื่องราวร้องทุกข์ที่อยู่ในความรับผิดชอบของ <br />
		กระทรวง <br />
		&#9830; พัฒนา สนับสนุน และส่งเสริมเครือข่ายการให้บริการประชาชนในภูมิภาคตามภารกิจของกระทรวง <br />
		รวมทั้งติดตามและ วิเคราะห์สถานการณ์ที่มีผลกระทบต่อภารกิจด้านแรงงาน <br />
		&#9830; ปฏิบัติงานร่วมกับหรือสนับสนุนการปฏิบัติงานของหน่วยงานอื่นที่เกี่ยวข้อง หรือที่ได้รับมอบหมาย <br />
		<br />
		<br />
		<strong>สำนักนโยบายและยุทธศาสตร์ <br />
			</strong>มีอำนาจหน้าที่ดังต่อไปนี้ <br />
		&#9830; ศึกษา วิเคราะห์ จัดทำข้อมูลในการกำหนดนโยบาย แผนกลยุทธ์ จัดทำแผนงาน โครงการ รวมทั้งจัด <br />
		ทำและประสานแผนการ ปฏิบัติงานของกระทรวง <br />
		&#9830; ดำเนินการเกี่ยวกับการงบประมาณ การกำหนดเป้าหมายบริการสาธารณะ การจัดทำแผนกลยุทธ์ และ <br />
		จัดสรรงบประมาณ ตามกรอบความรับผิดชอบของกระทรวง <br />
		&#9830; จัดทำและพัฒนาแผนยุทธศาสตร์ ประสานนโยบายและแผนไปสู่การปฏิบัติให้สอดคล้องกับนโยบาย <br />
		และแผนแม่บทของ กระทรวง <br />
		&#9830; แปลงนโยบายระดับชาติ ระดับกระทรวงเป็นแผนแม่บทและแผนปฏิบัติราชการของกระทรวง <br />
		&#9830; ศึกษา วิเคราะห์ และวิจัยภาวะเศรษฐกิจที่มีผลกระทบต่อโครงสร้างกำลังแรงงานและกิจการด้าน <br />
		แรงงาน รวมทั้งจัดทำดัชนีและระบบเตือนภัยด้านแรงงาน <br />
		&#9830; ดำเนินการเกี่ยวกับงานเลขานุการของคณะกรรมการค่าจ้างและ สภาที่ปรึกษาเพื่อพัฒนาแรงงานชาติ <br />
		รวมทั้งการศึกษา วิเคราะห์และเสนอแนะแนวทางการพัฒนาระบบรายได้และค่าจ้างขั้นต่ำ <br />
		&#9830; ปฏิบัติงานร่วมกับหรือสนับสนุนการปฏิบัติงานของหน่วยงานอื่นที่เกี่ยวข้อง หรือที่ได้รับมอบหมาย <br />
		<br />
		<br />
		<strong>สำนักเศรษฐกิจการแรงงาน <br />
			</strong>มีอำนาจหน้าที่ดังต่อไปนี้ <br />
		&#9830; ศึกษา วิเคราะห์ วิจัยภาวะเศรษฐกิจ และสังคมที่มีผลกระทบต่อการพัฒนาทรัพยากรมนุษย์ของ <br />
		ประเทศ รวมทั้งจัดทำแผนพัฒนากำลังแรงงานในและนอกระบบของประเทศ <br />
		&#9830; เสนอแนะและพัฒนาระบบ รูปแบบ และแนวทางในการบริหารจัดการด้านแรงงาน <br />
		&#9830; จัดทำระบบเตือนภัยด้านเศรษฐกิจการแรงงาน และคาดการณ์แนวโน้ม เพื่อเสนอแนะแนวทาง <br />
		ป้องกันและแก้ไขปัญหาที่จะเกิดขึ้น <br />
		&#9830; จัดทำดัชนีผลิตภาพแรงงาน รวมทั้งเสนอแนะแนวทางและมาตรการยกระดับผลิตภาพแรงงาน <br />
		&#9830; จัดทำข้อมูล สถิติ ข่าวสารด้านแรงงาน รวมทั้งบูรณาการข้อมูลกับหน่วยงานในสังกัดกระทรวงและ <br />
		หน่วยงานที่เกี่ยวข้องทั้งภาครัฐและภาคเอกชน <br />
		&#9830; ติดตามความเคลื่อนไหวของสถานการณ์แรงงานในประเทศและต่างประเทศรวมทั้งผลการเจรจา <br />
		ระหว่างประเทศที่เกี่ยวข้องกับนโยบายด้านแรงงาน เพื่อเสนอแนวทางและกำหนดท่าทีการมีส่วนร่วม <br />
		ด้านแรงงานของประเทศ <br />
		&#9830; ปฏิบัติหน้าที่ตามที่กฏหมายกำหนดให้เป็นอำนาจให้เป็นอำนาจหน้าที่ของสำนักงานคณะกรรมการ <br />
		ค่าจ้าง <br />
		&#9830; ปฏิบัติหน้าที่ตามที่กฏหมายกำหนดให้เป็นอำนาจหน้าที่ของสำนักงานสภาที่ปรึกษาเพื่อพัฒนา <br />
		แรงงานแห่งชาติ <br />
		&#9830; ปฏิบัติงานร่วมกันหรือสนับสนุนการปฏิบัติงานของหน่วยงานอื่นที่เกี่ยวข้อง หรือที่ได้รับมอบหมาย <br />
		<br />
		<strong></strong></span></div>

<div><span style=""FONT-FAMILY: Tahoma; FONT-SIZE: 10pt""><strong>สำนักประสานความร่วมมือระหว่างประเทศ <br />
			</strong>มีอำนาจหน้าที่ดังต่อไปนี้ <br />
		&#9830; เสนอแนวนโยบายความร่วมมือต่างประเทศด้านแรงงาน <br />
		&#9830; ดำเนินการเกี่ยวกับกรรมสารและข้อตกลงระหว่างประเทศด้านแรง งาน รวมทั้งเร่งรัดการปฏิบัติตาม <br />
		พันธกรณีด้าน แรงงานของหน่วยงานที่เกี่ยวข้องเพื่อรักษาผลประโยชน์ของประเทศ <br />
		&#9830; ประสานงาน ติดตามและแลกเปลี่ยนความร่วมมือด้านวิชาการและความช่วยเหลือด้านแรงงานกับ <br />
		องค์การหรือหน่วยงาน ต่างประเทศ ดำเนินการเกี่ยวกับงานทุน พิธีการ รับรอง งานประชุม การเจรจา <br />
		ระหว่างประเทศ รวมทั้งวิเคราะห์ การดำเนินงานของกลุ่มและองค์การต่างประเทศ <br />
		&#9830; ประสานติดตามสิทธิประโยชน์ให้ความช่วยเหลือแก่แรงงานและ ครอบครัวของแรงงานไทยที่ไปทำ <br />
		งานในต่างประเทศและประสานการดำเนินการเพื่อ รักษาและส่งเสริมการขยายตลาดแรงงานไทยใน <br />
		ต่างประเทศ รวมทั้งสนับสนุน การดำเนินงานของสำนักงานแรงงานไทยในต่างประเทศ <br />
		&#9830; ปฏิบัติงานร่วมกับหรือสนับสนุนการปฏิบัติงานของหน่วยงานที่เกี่ยวข้องหรือที่ได้รับมอบหมาย <br />
		<br />
		<br />
		<strong>กลุ่มตรวจสอบภายในระดับกระทรวง </strong><br />
		มีอำนาจหน้าที่ดังต่อไปนี้ <br />
		&#9830; ดำเนินการเกี่ยวกับการศึกษา วิเคราะห์ และเสนอความเห็นด้านนโยบายการบริหารงานตรวจสอบ <br />
		ภายในของกลุ่มตรวจสอบภายใน ระดับกรม และระดับกระทรวงต่อคณะกรรมการตรวจสอบ <br />
		ภาคราชการประจำกระทรวง <br />
		&#9830; ดำเนินการเกี่ยวกับการจัดระบบการประสานงานกับกลุ่มตรวจสอบ ภายในระดับกรม และหน่วยรับ <br />
		ตรวจเพื่อเข้าถึงและให้ได้รับข้อมูลและแฟ้มข้อมูลที่เกี่ยวข้อง กับการบริหารงานของหน่วยรับตรวจ <br />
		&#9830; ดำเนินการเกี่ยวกับการบริหารงานตรวจสอบภายในระดับกระทรวง และสำนักงานปลัดกระทรวง ในการ <br />
		วางแผนการตวจสอบ การกำหนดนโยบายและขั้นตอนการปฏิบัติงาน การปฏิบัติงานตรวจสอบและ <br />
		การรายงานผลการตรวจสอบด้านการเงิน การบัญชี การดำเนินงาน การปฏิบัติตามกฎหมาย ระเบียบ <br />
		คำสั่ง มติคณะรัฐมนตรี และการประเมินความเพียงพอของการควบคุมภายในของหน่วยตรวจรับ <br />
		&#9830; ดำเนินการติดตาม ประเมินผลการปฏิบัติงานตรวจสอบภายใน และวิเคราะห์รายงานผลการตรวจสอบ <br />
		ของเจ้าหน้าที่ตรวจสอบภายในระดับกรม <br />
		&#9830; ดำเนินการติดตามการปฏิบัติตามข้อเสนอแนะจากผลการตรวจสอบ และผลการวิเคราะห์รายงานผล <br />
		การตรวจสอบของเจ้าหน้าที่ตรวจสอบภายใน คณะกรรมการตรวจสอบ และหน่วยงานตรวจสอบ <br />
		ภายนอก <br />
		&#9830; ให้คำปรึกษาแนะนำ เสนอแนะ ให้ความเห็นเกี่ยวกับกฎหมาย ระเบียบ คำสั่ง มติคณะรัฐมนตรี ที่เกี่ยว <br />
		กับระบบการตรวจสอบภายในและการควบคุมภายใน <br />
		&#9830; ดำเนินการเกี่ยวกับงานช่วยอำนวยการ งานเลขานุการ งานการประชุมคณะกรรมการตรวจสอบ การ <br />
		ประสานงานกับหน่วยรับตรวจและหน่วยตรวจสอบภายนอก และงานประชาสัมพันธ์งานคณะกรรมการ <br />
		ตรวจสอบ <br />
		&#9830; ปฏิบัติงานอื่นตามที่ได้รับมอบหมาย <br />
		<br />
		</span></div>

<div><span style=""FONT-FAMILY: Tahoma; FONT-SIZE: 10pt""><strong>กลุ่มพัฒนาระบบบบริหาร</strong> <br />
		มีอำนาจหน้าที่ดังต่อไปนี้ <br />
		&#9830; พิจารณา เสนอแนะและให้คำปรึกษาแก่หัวหน้าส่วนราชการเกี่ยวกับยุทธศาสตร์ในการพัฒนาการ <br />
		บริหารภายในสำนักงานปลัดกระทรวงและกระทรวง ให้สอดคล้องกับนโยบายของรัฐบาล และแนว <br />
		ทางของคณะกรรมการพัฒนาระบบราชการ ซึ่งครอบคลุมถึงการปรับบทบาท ภารกิจ และโครงสร้าง <br />
		ของส่วนราชการ การปรับกลไกวิธีการบริหารราชการ วิธีการปฏิบัติงานของข้าราชการ ระบบ <br />
		บุคลากรภายในสำนักงานปลัดกระทรวงและกระทรวง และการปรับเปลี่ยนวัฒนธรรมค่านิยมของ <br />
		ข้าราชการและเจ้าหน้าที่ <br />
		&#9830; ติดตามประเมินผลและจัดทำรายงานเกี่ยวกับการพัฒนาระบบบริหารราชการในสำนักงานปลัด <br />
		กระทรวง และในกระทรวง <br />
		&#9830; ประสานและดำเนินการร่วมกับหน่วยงานกลางต่าง ๆ และหน่วยงานในสำนักงานงานปลัดกระทรวง <br />
		และในกระทรวง เพื่อให้การปฏิบัติงานเกี่ยวกับการพัฒนาระบบราชการบรรลุตามวัตถุประสงค์ เป้า <br />
		หมายอย่างมีประสิทธิภาพและประสิทธิผล <br />
		&#9830; ปฏิบัติงานร่วมกับหรือสนับสนุนการปฏิบัติงานของหน่วยงานอื่นที่เกี่ยวข้องหรือที่ได้รับมอบหมาย <br />
		<br />
		</span></div>

<div><span style=""FONT-FAMILY: Tahoma; FONT-SIZE: 10pt""><strong>สำนักผู้ประสานคณะรัฐมนตรีและรัฐสภา (ปคร.กระทรวงแรงงาน) <br />
			</strong>มีอำนาจหน้าที่ดังต่อไปนี้ <br />
		&#9830; ประสานงานให้การเสนอเรื่องต่อคณะรัฐมนตรีเป็น ไปตามระเบียบสำนักนายกรัฐมนตรี และตามที่ <br />
		สำนักเลขาธิการคณธรัฐมนตรีกำหนด และประสานขอความเห็นจากหน่วยงานที่เกี่ยวข้อง <br />
		&#9830; ประสานงานในการวางแผนดำเนินการเสนอเรื่องและกฎหมายต่อคณะ รัฐมนตรี รวมทั้งให้คำแนะนำ <br />
		แก่เจ้าหน้าที่กรณีกระทรวงหรือหน่วยงานต้องเสนอความเห็น ประกอบการพิจารณาของคณะรัฐมนตรี <br />
		&#9830; ประสานงาน ติดตาม และรายงานความก้าวหน้าของร่างกฎหมายที่กระทรวงหรือหน่วยงานเสนอต่อ <br />
		รัฐสภาในขั้นตอนต่าง ๆ <br />
		&#9830; ตรวจสอบและประสานติดตามการดำเนินงานของกระทรวงให้เป็นไปตามมติของคณะรัฐมนตรีและ <br />
		ตามระยะเวลาที่กำหนด <br />
		&#9830; เป็นผู้แทนปลัดกระทรวงหรือหน่วยงานในการประสานงานกับหน่วยงานต่าง ๆ ทั้งภายในและภาย <br />
		นอกกระทรวงในส่วนที่เกี่ยวกับเรื่องในภารกิจของคณะรัฐมนตรี <br />
		&#9830; ให้คำแนะนำในการจัดเก็บและรักษาความปลอดภัยให้แก่เอกสารคณะรัฐมนตรีให้กับหน่วยงานภายใน <br />
		กระทรวง <br />
		&#9830; รวมรวบข้อมูลสารสนเทศ ความเคลื่อนไหวของการเสนอเรื่องที่เกี่ยวข้องกับคณะรัฐมนตรีและรัฐสภา <br />
		มติคณะรัฐมนตรี กฎหมาย วาระการประชุม รวมทั้งการเผยแพร่ การชี้แจงตอบข้อสงสัยให้หน่วยงาน <br />
		ที่เกี่ยวข้องทราบ <br />
		&#9830; งานประสานข้อมูล เพื่อเรียบเรียงและจัดทำคำตอบกระทู้ และญัตติในภารกิจของกระทรวงแรงงาน <br />
		<br />
		</span></div>",,"0",,,,,"0"
"61","94","1","1",,"0","0",,"

<div><span style=""FONT-FAMILY: Tahoma; FONT-SIZE: 10pt""><strong>ระเบียบ หลักเกณฑ์ที่เกี่ยวข้อง <br />
			</strong>- พระราชบัญญัติระเบียบข้าราชการพลเรือน พ.ศ. 2551 มาตรา 57 มาตรา 107 และมาตรา 132 <br />
		- <a href=""download/pdf/privilege/ok_rb_01.pdf"">หนังสือสำนักงาน ก.พ. ที่ นร 1006/ว 9 ลงวันที่ 4 พฤษภาคม 2547 เรื่องการควบคุมเกษียณอายุของข้าราชการ</a> &nbsp;<br />
		- <a href=""download/pdf/privilege/ok_bf_01.pdf"">ระเบียบสำนักนายกรัฐมนตรี ว่าด้วยการแก้ไข วัน เดือน ปีเกิด ในทะเบียนประวัติข้าราชการ พ.ศ. 2548 </a></span></div>

<div><span style=""FONT-FAMILY: Tahoma; FONT-SIZE: 10pt""><br />
		<strong>แบบฟอร์ม <br />
			</strong>- <a href=""download/pdf/privilege/ok_bf_01.pdf"">แบบคำขอแก้ไขวัน เดือน ปีเกิด ตามระเบียบสำนักนายกรัฐมนตรีว่าด้วยการแก้ไข วัน เดือน ปีเกิดฯ พ.ศ. 2548</a> </span></div>

<div><span style=""FONT-FAMILY: Tahoma; FONT-SIZE: 10pt"">&nbsp;</span></div>

<div><span style=""FONT-FAMILY: Tahoma; FONT-SIZE: 10pt"">&nbsp;</span></div>",,"0",,,,,"0"
"62","95","1","1",,"0","0",,"

<div><span style=""FONT-SIZE: 10pt; FONT-FAMILY: Tahoma; COLOR: #006400""><strong>การเลื่อนข้าราชการให้ดำรงตำแนห่งระดับสูงขั้นประเภทวิชาการและประเภททั่วไป</strong></span></div>

<div><span style=""FONT-SIZE: 10pt; FONT-FAMILY: Tahoma"">&nbsp;</span></div>

<div><span style=""FONT-SIZE: 10pt; FONT-FAMILY: Tahoma""><strong>ระเบียบ หลักเกณฑ์ที่เกี่ยวข้อง <br />
			</strong>- พระราชบัญญัติระเบียบข้าราชการพลเรือน พ.ศ.2551 มาตรา 57 และมาตรา 63 &nbsp;<br />
		- <a href=""download/pdf/privilege/rb_01_w16.pdf"">หนังสือสำนักงาน ก.พ. ที่ นร 0708.4/ว 16 ลงวันที่ 29 กันยายน 2538 (กรณีระดับเชี่ยวชาญ/ทรงคุณวุฒิ)</a> &nbsp;<br />
		- <a href=""download/pdf/privilege/rb_02_w10.pdf"">หนังสือสำนักงาน ก.พ. ที่ นร 1006/ว 10 ลงวันที่ 15 กันยายน 2548 (กรณีระดับชำนาญการ/ชำนาญการพิเศษ)</a> &nbsp;<br />
		- <a href=""download/pdf/privilege/rb_03_w22.pdf"">หนังสือสำนักงาน ก.พ. ที่ นร 0708.1/ว 22 ลงวันที่ 30 กันยายน 2540</a> &nbsp;<br />
		- <a href=""download/pdf/privilege/rb_04_w12.pdf"">หนังสือสำนักงาน ก.พ. ที่ นร 1006/ว 12 ลงวันที่ 11 ธันวาคม 2551</a><br />
		- <a href=""download/pdf/privilege/rb_05_w13.pdf"">หนังสือสำนักงาน ก.พ. ที่ นร 1011/ว 13 ลงวันที่ 11 ธันวาคม 2551</a> &nbsp;<br />
		- <a href=""download/pdf/privilege/rb_06_w19.pdf"">หนังสือสำนักงาน ก.พ. ที่ นร 1006/ว 19 ลงวันที่ 11 ธันวาคม 2551</a> &nbsp;<br />
		- <a href=""download/pdf/privilege/rb_07_.pdf"">กฎ ก.พ. ว่าด้วยการให้ข้าราชการพลเรือนสามัญได้รับเงินประจำตำแหน่ง พ.ศ. 2551</a> &nbsp;&nbsp;<br />
		- <a href=""download/pdf/privilege/rb_11_.pdf"">ระเบียบกระทรวงการคลังว่าด้วยการเบิกจ่ายเงินเดือนของข้าราชการและลูกจ้างประจำของส่วนราชการ พ.ศ. 2547</a> &nbsp;<br />
		- <a href=""download/pdf/privilege/rb_12_.pdf"">ระเบียบกระทรวงการคลังว่าด้วยการเบิกจ่ายเงินค่าตอบแทนนอกเหนือจากเงินเดือนของข้าราชการและลูกจ้างประจำของส่วนราชการ(ฉบับที่ 4) พ.ศ.2553</a> &nbsp;<br />
		- <a href=""download/pdf/privilege/rb_10_w255.pdf"">หนังสือสำนักเลขาธิการคณะรัฐมนตรี ที่ สร 0203/ว 255 ลงวันที่ 27 พฤศจิกายน 2524</a> &nbsp;<br />
		- <a href=""download/pdf/privilege/rb_13_w9.pdf"">หนังสือสำนักเลขาธิการคณะรัฐมนตรี ที่ สร 0711/ว 9 ลงวันที่ 22 สิงหาคม 2523 (กรณีเลื่อนย้อนหลัง)</a> </span></div>

<div><span style=""FONT-SIZE: 10pt; FONT-FAMILY: Tahoma"">&nbsp;</span></div>

<div><span style=""FONT-SIZE: 10pt; FONT-FAMILY: Tahoma"">&nbsp;</span></div>

<div><span style=""FONT-SIZE: 10pt; FONT-FAMILY: Tahoma; COLOR: #006400""><strong>การเลื่อนข้าราชการให้ดำรงตำแหน่งระดับชำนาญการ สายงานแพทย์ ทันตแพทย์ และสัตวแพทย์</strong></span></div>

<div><br />
	<span style=""FONT-SIZE: 10pt; FONT-FAMILY: Tahoma""><strong>ระเบียบ หลักเกณฑ์ที่เกี่ยวข้อง</strong> <br />
		- พระราชบัญญัติระเบียบข้าราชการพลเรือน พ.ศ.2551 มาตรา 57 และมาตรา 63 <br />
		- <a href=""download/pdf/privilege/rb_08_w5.pdf"">หนังสือสำนักงาน ก.พ. ที่ นร 0708.4/ว 5 ลงวันที่ 15 พฤษภาคม 2536</a> &nbsp;<br />
		- <a href=""download/pdf/privilege/rb_03_w22.pdf"">หนังสือสำนักงาน ก.พ. ที่ นร 0708.1/ว 22 ลงวันที่ 30 กันยายน 2540</a> &nbsp;<br />
		- <a href=""download/pdf/privilege/rb_04_w12.pdf"">หนังสือสำนักงาน ก.พ. ที่ นร 1006/ว 12 ลงวันที่ 11 ธันวาคม 2551</a><br />
		- <a href=""download/pdf/privilege/rb_05_w13.pdf"">หนังสือสำนักงาน ก.พ. ที่ นร 1011/ว 13 ลงวันที่ 11 ธันวาคม 2551</a> &nbsp;<br />
		- <a href=""download/pdf/privilege/rb_06_w19.pdf"">หนังสือสำนักงาน ก.พ. ที่ นร 1006/ว 19 ลงวันที่ 11 ธันวาคม 2551</a> &nbsp;<br />
		- <a href=""download/pdf/privilege/rb_10_w255.pdf"">หนังสือสำนักเลขาธิการคณะรัฐมนตรี ที่ สร 0203/ว 255 ลงวันที่ 27 พฤศจิกายน 2524</a>&nbsp; &nbsp;&nbsp;<br />
		- <a href=""download/pdf/privilege/rb_14_w38.pdf"">หนังสือสำนักเลขาธิการคณะรัฐมนตรี ที่ สร 0203/ว 38 ลงวันที่ 23 มีนาคม 2526</a>&nbsp; &nbsp;<br />
		- <a href=""download/pdf/privilege/rb_13_w9.pdf"">หนังสือสำนักงาน ก.พ. ที่ สร 0711/ว 9 ลงวันที่ 22 สิงหาคม 2523 (กรณีเลื่อนย้อนหลัง)</a>&nbsp; </span></div><span style=""FONT-SIZE: 10pt; FONT-FAMILY: Tahoma"">
	
<div><br />
		<strong>แบบฟอร์ม <br />
			</strong>- <a href=""download/pdf/privilege/bf_6-2536.pdf"">แบบประเมินบุคคล และการปฏิบัติงานเพื่อพิจารณาเลื่อนข้าราชการพลเรือนสามัญขึ้นแต่งตั้งให้ดำรงตำแหน่งในระดับสูงขึ้น</a>&nbsp; </div>
	
<div>&nbsp;</div>
	
<div>&nbsp;</div>
	
<div>&nbsp;</div>
	
<div>&nbsp;</div></span>",,"0",,,,,"0"
"63","98","1","1",,"0","0",,"

<div><span style=""FONT-SIZE: 10pt; COLOR: #006400""><strong>การลาออกจากราชการ </strong></span></div>

<div><span style=""FONT-SIZE: 10pt"">&nbsp;</span></div>

<div><span style=""FONT-SIZE: 10pt""><strong>ระเบียบ หลักเกณฑ์ที่เกี่ยวข้อง </strong></span></div>

<div><span style=""FONT-SIZE: 10pt"">- พระราชบัญญัติระเบียบข้าราชการพลเรือน พ.ศ. 2551 มาตรา 57 และมาตรา 109 &nbsp;</span></div>

<div><span style=""FONT-SIZE: 10pt"">- <a href=""download/pdf/privilege/o_rb_01.pdf"">ระเบียบ ก.พ. ว่าด้วยการลาออกจากราชการของข้าราชการพลเรือนสามัญ พ.ศ. 2551</a></span></div>

<div><span style=""FONT-SIZE: 10pt"">&nbsp;</span></div>

<div><span style=""FONT-SIZE: 10pt""><strong>แบบฟอร์ม </strong></span></div>

<div><span style=""FONT-SIZE: 10pt"">- <a href=""download/pdf/privilege/o_bf_01.pdf"">แบบฟอร์มหนังสือขอลาออกจากราชการ ตามระเบียบ ก.พ. ว่าด้วยการลาออกจากราชการของข้าราชการพลเรือนสามัญ พ.ศ. 2551</a> &nbsp;</span></div>

<div><span style=""FONT-SIZE: 10pt"">&nbsp;</span></div>

<div><span style=""FONT-SIZE: 10pt"">&nbsp;</span></div>

<div><span style=""FONT-SIZE: 10pt"">&nbsp;</span></div>",,"0",,,,,"0"
"64","99","1","1",,"0","0",,"

<div><span style=""FONT-SIZE: 10pt; COLOR: #006400""><strong>การย้ายข้าราชการ</strong></span></div>

<div><br />
	<span style=""FONT-SIZE: 10pt""><strong>กฎหมาย ระเบียบ หลักเกณฑ์ที่เกี่ยวข้อง </strong><br />
		- มาตรา 57 63 132 แหน่งพระราชบัญญัติระเบียบข้าราชการพลเรือน พ.ศ. 2551&nbsp; &nbsp;<br />
		- <a href=""download/pdf/privilege/m_rb_09_255.pdf"">หนังสือสำนักเลขาธิการคณะรัฐมนตรี ที่ สร 0203/ว 255 ลงวันที่ 27 พฤศจิกายน 2524</a>&nbsp; &nbsp;<br />
		- <a href=""download/pdf/privilege/m_rb_01_12.pdf"">หนังสือสำนักงาน ก.พ. ที่ นร 0711/ว 12 ลงวันที่ 1 ตุลาคม 2533</a>&nbsp; &nbsp;<br />
		- <a href=""download/pdf/privilege/m_rb_02_9.pdf"">หนังสือสำนักงาน ก.พ. ที่ นร 0708/ว 9 ลงวันที่ 12 พฤษภาคม 2535</a>&nbsp; &nbsp;<br />
		- <a href=""download/pdf/privilege/m_rb_03_15.pdf"">หนังสือสำนักงาน ก.พ. ที่ นร 1006/ว 15 ลงวันที่ 28 มิถุนายน 2547</a>&nbsp; &nbsp;<br />
		- <a href=""download/pdf/privilege/m_rb_04_10.pdf"">หนังสือสำนักงาน ก.พ. ที่ นร 1006/ว 10 ลงวันที่ 15 กันยายน 2548</a>&nbsp; &nbsp;<br />
		- <a href=""download/pdf/privilege/m_rb_05_12.pdf"">หนังสือสำนักงาน ก.พ. ที่ นร 1006/ว 12 ลงวันที่ 11 ธันวาคม 2551</a>&nbsp; &nbsp; &nbsp;<br />
		-&nbsp;<a href=""download/pdf/privilege/m_rb_06_13.pdf"">หนังสือสำนักงาน ก.พ. ที่ นร 1006/ว 13 ลงวันที่ 11 ธันวาคม 2551</a>&nbsp; &nbsp; &nbsp;<br />
		- <a href=""download/pdf/privilege/m_rb_07_19.pdf"">หนังสือสำนักงาน ก.พ. ที่ นร 1006/ว 19 ลงวันที่ 11 ธันวาคม 2551</a>&nbsp; &nbsp;<br />
		- <a href=""download/pdf/privilege/m_rb_08_7.pdf"">หนังสือสำนักงาน ก.พ. ที่ นร 1006/ว 7 ลงวันที่ 6 มีนาคม 2552</a>&nbsp; </span></div>

<div><span style=""FONT-SIZE: 10pt""><br />
		<strong>แบบฟอร์ม </strong><br />
		- <a href=""download/pdf/privilege/m_bf_01.pdf"">แบบขอย้ายข้าราชการพลเรือนสามัญมาแต่งตั้งให้ดำรงตำแหน่งในระดับที่ต่ำกว่าเดิม ตั้งแต่ระดับ 8 ลงมา</a>&nbsp; &nbsp;<br />
		- <a href=""download/pdf/privilege/m_bf_02.pdf"">แบบคำสั่งย้ายข้าราชการ คส. 2.1</a>&nbsp;&nbsp;&nbsp; &nbsp;<br />
		- <a href=""download/pdf/privilege/m_bf_02.pdf"">บัญชีรายละเอียดแนบท้ายคำสั่งย้ายข้าราชการ คส. 2.1</a>&nbsp; </span></div>

<div><span style=""FONT-SIZE: 10pt"">&nbsp;</span></div>

<div><span style=""FONT-SIZE: 10pt"">&nbsp;</span></div>

<div><span style=""FONT-SIZE: 10pt"">&nbsp;</span></div>

<div><span style=""FONT-SIZE: 10pt"">&nbsp;</span></div>",,"0",,,,,"0"
"65","100","1","1",,"0","0",,"

<div><span style=""FONT-SIZE: 10pt; COLOR: #006400""><strong>การรับโอนข้าราชการ</strong></span></div>

<div><span style=""FONT-SIZE: 10pt"">&nbsp;</span></div>

<div><span style=""FONT-SIZE: 10pt"">&nbsp;</span></div>

<div><span style=""FONT-SIZE: 10pt; TEXT-DECORATION: underline""><strong>การรับโอนข้าราชการพลเรือนสามัญ</strong></span></div>

<div><br />
	<span style=""FONT-SIZE: 10pt""><strong>กฎหมาย ระเบียบ หลักเกณฑ์ที่เกี่ยวข้อง</strong> <br />
		- มาตรา 57 มาตรา 63 และมาตรา 132 แห่งพระราชบัญญัติระเบียบข้าราชการพลเรือน พ.ศ. 2551 <br />
		- <a href=""download/pdf/privilege/oo_rb_01_w10.pdf"">หนังสือสำนักงาน ก.พ. ที่ นร 1006/ว 10 ลงวันที่ 15 กันยายน 2548</a> &nbsp;<br />
		- <a href=""download/pdf/privilege/oo_rb_02_w12.pdf"">หนังสือสำนักงาน ก.พ. ที่ นร 1006/ว 12 ลงวันที่ 11 ธันวาคม 2551</a> &nbsp;<br />
		- <a href=""download/pdf/privilege/oo_rb_03_w13.pdf"">หนังสือสำนักงาน ก.พ. ที่ นร 1011/ว 13 ลงวันที่ 11 ธันวาคม 2551</a>&nbsp; &nbsp;<br />
		- <a href=""download/pdf/privilege/oo_rb_04_w4.pdf"">หนังสือสำนักงาน ก.พ. ที่ นร 1006/ว 4 ลงวันที่ 20 กุมภาพันธ์ 2552</a>&nbsp; &nbsp;<br />
		- <a href=""download/pdf/privilege/oo_rb_05_w7.pdf"">หนังสือสำนักงาน ก.พ. ที่ นร 1006/ว 7 ลงวันที่ 6 มีนาคม 2552</a>&nbsp; </span></div>

<div><span style=""FONT-SIZE: 10pt""><br />
		<strong>แบบฟอร์ม</strong> <br />
		- <a href=""download/pdf/privilege/oo_bf_01_31.pdf"">แบบคำสั่งรับโอนข้้าราชการพลเรือนสามัญ (คส. 3.1)</a> &nbsp;<br />
		- <a href=""download/pdf/privilege/oo_bf_01_31.pdf"">บัญชีรายละเอียดการรับโอนข้าราชการพลเรือนสามัญแนบท้ายคำสั่ง</a>&nbsp; &nbsp;<br />
		- <a href=""download/pdf/privilege/p1_transfer.pdf"">ใบขอโอน</a> </span></div>

<div><span style=""FONT-SIZE: 10pt"">&nbsp;</span></div>

<div><span style=""FONT-SIZE: 10pt"">&nbsp;</span></div>

<div><span style=""FONT-SIZE: 10pt; TEXT-DECORATION: underline""><strong>การรับโอนข้าราชการประเภทอื่น หรือตามกฎหมายอื่น</strong></span></div>

<div><br />
	<span style=""FONT-SIZE: 10pt""><strong>กฎหมาย ระเบียบ หลักเกณฑ์ที่เกี่ยวข้อง</strong> <br />
		- มาตรา 57 มาตรา 64 และมาตรา 132 แห่งพระราชบัญญัติระเบียบข้าราชการพลเรือน พ.ศ. 2551 <br />
		- <a href=""download/pdf/privilege/oo_rb_01_w10.pdf"">หนังสือสำนักงาน ก.พ. ที่ นร 1006/ว 10 ลงวันที่ 15 กันยายน 2548</a> &nbsp;<br />
		- <a href=""download/pdf/privilege/oo_rb_02_w12.pdf"">หนังสือสำนักงาน ก.พ. ที่ นร 1006/ว 12 ลงวันที่ 11 ธันวาคม 2551</a> &nbsp;<br />
		- <a href=""download/pdf/privilege/oo_rb_03_w13.pdf"">หนังสือสำนักงาน ก.พ. ที่ นร 1011/ว 13 ลงวันที่ 11 ธันวาคม 2551</a>&nbsp; &nbsp;<br />
		- <a href=""download/pdf/privilege/oo_rb_06_w36.pdf"">หนังสือสำนักงาน ก.พ. ที่ นร 1006/ว 36 ลงวันที่ 29 กันยายน 2553</a>&nbsp;&nbsp;&nbsp;</span></div>

<div><span style=""FONT-SIZE: 10pt"">&nbsp; </span></div>

<div><span style=""FONT-SIZE: 10pt""><strong>แบบฟอร์ม</strong> <br />
		- <a href=""download/pdf/privilege/oo_bf_02_14.pdf"">แบบคำสั่งรับโอนข้าราชการประเภทอื่น (คส. 1.4)</a>&nbsp; &nbsp;<br />
		- <a href=""download/pdf/privilege/oo_bf_02_14.pdf"">บัญชีรายละเอียดการรับโอนข้าราชการประเภทอื่น หรือตามกฎหมายอื่นแนบท้ายคำสั่ง</a>&nbsp; </span></div>

<div><span style=""FONT-SIZE: 10pt"">&nbsp;</span></div>

<div><span style=""FONT-SIZE: 10pt"">&nbsp;</span></div>

<div><span style=""FONT-SIZE: 10pt"">&nbsp;</span></div>

<div><span style=""FONT-SIZE: 10pt"">&nbsp;</span></div>

<div><span style=""FONT-SIZE: 10pt"">&nbsp;</span></div>",,"0",,,,,"0"
"66","101","1","1",,"0","0",,"

<div><span style=""FONT-SIZE: 10pt""><strong><span style=""COLOR: #006400"">เครื่องราชอิสริยาภรณ์</span></strong> </span></div>

<div><span style=""FONT-SIZE: 10pt"">&nbsp;</span></div>

<div><span style=""FONT-SIZE: 10pt""><strong>กฎหมายและระเบียบเกี่ยวกับเครื่องราชอิสริยาภรณ์ <br />
			</strong>- <a href=""download/pdf/privilege/kl_rb_1.pdf"">พระราชบัญญัติเครื่องราชอิสริยาภรณ์อันเป็นที่เชิดชูยิ่งช้างเผือก พ.ศ. 2484</a> <br />
		- <a href=""download/pdf/privilege/kl_rb_2.pdf"">พระราชบัญญัติเครื่องราชอิสริยาภรณ์อันมีเกียรติยศยิ่งมงกุฎไทย พ.ศ. 2484</a> <br />
		- <a href=""download/pdf/privilege/kl_rb_3.pdf"">ระเบียบว่าด้วยการขอพระราชทานเครื่องราชอิสริยาภรณ์ อันเป็นที่เชิดชูยิ่งช้างเผือกและเครื่องราชอิสริยาภรณ์อันมีเกียรติยศยิ่งมงกุฎไทย พ.ศ. 2536</a> <br />
		- <a href=""download/pdf/privilege/kl_rb_4.pdf"">ระเบียบสำนักนายกรัฐมนตรีว่าด้วยการขอพระราชทานเครื่องราชอิสริยาภรณ์ อันเป็นที่เชิดชูยิ่งช้างเผือก และเครื่องราชอิสริยาภรณ์อันมีเกียรติยิ่งมงกุฎไทย(ฉบับที่ 2) พ.ศ. 2552</a> <br />
		- <a href=""download/pdf/privilege/kl_rb_5.pdf"">ประกาศคณะปฏิรูปการปกครองในระบบประชาธิปไตยอันมีพระมหากษัตริย์ทรงเป็นประมุข ฉบับที่ 33</a> <br />
		- <a href=""download/pdf/privilege/kl_rb_6.pdf"">พระราชบัญญัติเครื่องราชอิสริยาภรณ์อันเป็นที่สรรเสริญยิ่งดิเรกคุณาภรณ์ พ.ศ. 2534</a> <br />
		- <a href=""download/pdf/privilege/kl_rb_7.pdf"">พระราชกฤษฎีกาว่าด้วยการขอพระราชทานเครื่องราชอิสริยาภรณ์อันเป็นที่สรรเสริญยิ่งดิเรกคุณาภรณ์ พ.ศ. 2538</a> <br />
		- <a href=""download/pdf/privilege/kl_rb_8.pdf"">พระราชกฤษฎีกาว่าด้วยการพระราชทานเครื่องราชอิสริยาภรณ์อันเป็นที่สรรเสริญยิ่งดิเรกคุณาภรณ์ (ฉบับที่ 2) พ.ศ. 2549</a> <br />
		- <a href=""download/pdf/privilege/kl_rb_9.pdf"">พระราชบัญญัติเหรียญจักรมาลาและเหรียญจักรพรรดิมาลา พ.ศ. 2484</a> <br />
		- <a href=""download/pdf/privilege/kl_rb_10.pdf"">พระราชบัญญัติเหรียญจักรมาลาและเหรียญจักรพรรดิมาลา (ฉบับที่ 2) พ.ศ. 2484</a> <br />
		- <a href=""download/pdf/privilege/kl_rb_11.pdf"">พระราชบัญญัติเหรียญจักรมาลาและเหรียญจักรพรรดิมาลา (ฉบับที่ 3) พ.ศ. 2507</a> <br />
		- <a href=""download/pdf/privilege/kl_rb_12.pdf"">ระเบียบสำนักนายกรัฐมนตรีว่าด้วยการประดับเครื่องราชอิสริยาภรณ์ พ.ศ. 2541</a> <br />
		- <a href=""download/pdf/privilege/kl_rb_13.pdf"">ระเบียบสำนักนายกรัฐมนตรีว่าด้วยการพระราชทานพระบรมราชานุญาตเรียกคืนเครื่องราชอิสริยาภรณ์ พ.ศ. 2548</a> <br />
		- <a href=""download/pdf/privilege/kl_rb_14.pdf"">ประกาศสำนักนายกรัฐมนตรี เรื่องลำดับเกียรติเครื่องราชอิสริยาภรณ์ไทย</a>&nbsp; </span></div>

<div><span style=""FONT-SIZE: 10pt"">&nbsp;&nbsp;<br />
		<strong>แบบฟอร์ม</strong> <br />
		ข้าราชการ <br />
		- <a href=""download/pdf/privilege/kl_bf_1.pdf"">แบบ ขร 3</a> &nbsp;<br />
		- <a href=""download/pdf/privilege/kl_bf_2.pdf"">แบบ ขร 4</a></span></div>

<div><span style=""FONT-SIZE: 10pt"">-&nbsp;<a href=""download/pdf/privilege/kl_bf_3.pdf"">ตัวอย่างประวัติข้าราชการ</a> <br />
		- <a href=""download/pdf/privilege/kl_bf_4.xls"">ประวัติข้าราชการรายหน่วยงานที่มีสิทธิขอเหรียญจักรพรรดิประจำปี 2557</a> </span></div>

<div><span style=""FONT-SIZE: 10pt""><br />
		ลูกจ้างประจำ <br />
		- <a href=""download/pdf/privilege/kl_bf_4.pdf"">ตัวอย่างบัญชีแสดงคุณสมบัติของลูกจ้างประจำ</a></span></div>

<div><span style=""FONT-SIZE: 10pt""><br />
		พนักงานราชการ <br />
		- <a href=""download/pdf/privilege/kl_bf_5.pdf"">ตัวอย่างบัญชีแสดงคุณสมบัติของพนักงานราชการ</a></span></div>

<div><span style=""FONT-SIZE: 10pt"">&nbsp;</span></div>

<div><span style=""FONT-SIZE: 10pt"">&nbsp;</span></div>

<div><span style=""FONT-SIZE: 10pt"">&nbsp;</span></div>

<div><span style=""FONT-SIZE: 10pt"">&nbsp;</span></div>",,"0",,,,,"0"
"67","102","1","1",,"0","0",,"

<div><span style=""FONT-SIZE: 10pt; COLOR: #006400""><strong>การปรับปรุงการกำหนดตำแหน่ง</strong></span></div>

<div><span style=""FONT-SIZE: 10pt"">&nbsp;</span></div>

<div><span style=""FONT-SIZE: 10pt""><strong>ระเบียบ หลักเกณฑ์ที่เกี่ยวข้อง</strong> <br />
		- <a href=""download/pdf/privilege/vs_17-2552.pdf"">หนังสือสำนักงาน กพ. ที่ นร 1008/ว17 ลงวันที่ 2 กรกฎาคม 2552 เรื่องหลักเกณฑ์และเงื่อนไขการกำหนดตำแหน่ง</a> &nbsp;<br />
		- หนังสือสำนักงาน กพ. ที่ นร 1008.3.3/314 ลงวันที่ 10 สิงหาคม 2552 <br />
		- <a href=""download/pdf/privilege/vs_25-2552.pdf"">หนังสือสำนักงาน กพ. ที่ นร 1008/ว 25 ลงวันที่ 21 กันยายน 2552 เรื่องหลักเกณฑ์และเงื่อนไขการกำหนดตำแหน่ง</a> &nbsp;<br />
		- หนังสือสำนักงาน กพ. ที่ นร 1008.3.3/236 ลงวันที่ 29 กันยายน 2553 <br />
		- <a href=""download/pdf/privilege/vs_40-2553.pdf"">หนังสือสำนักงาน กพ. ที่ นร 1008/ว 40 ลงวันที่ 30 กันยายน 2553 เรื่องหลักเกณฑ์และเงื่อนไขการกำหนดตำแหน่ง</a>&nbsp; &nbsp;<br />
		- หนังสือสำนักงาน กพ. ที่ นร 1008.3.3/90 ลงวันที่ 20 มกราคม 2554 <br />
		- <a href=""download/pdf/privilege/vs_17-2554.pdf"">หนังสือสำนักงาน กพ. ที่ นร 1008/ว 17 ลงวันที่ 30 มิถุนายน 2554 เรื่องการปรับปรุงตารางแสดงค่าตอบแทนเฉลี่ยของตำแหน่งข้าราชการพลเรือนสามัญ</a>&nbsp; &nbsp;<br />
		- <a href=""download/pdf/privilege/vs_26-2554.pdf"">หนังสือสำนักงาน กพ. ที่ นร 1008/ว 26 ลงวันที่ 14 กันยายน 2554 เรื่องหลักเกณฑ์และเงื่อนไขการกำหนดตำแหน่งภายในกรอบมูลค่าราวมของตำแหน่ง</a>&nbsp; &nbsp;<br />
		- หนังสือสำนักงาน กพ. ที่ นร 1008.3.3/340 ลงวันที่ 28 กันยายน 2554 <br />
		- <a href=""download/pdf/privilege/2556251.pdf"">การเลื่อนเงินเดือนและการให้เงินค่าตอบแทนพิเศษข้าราชการ (ที่ สธ 0319/2315 ลงวันที่ 19 ตุลาคม 2556</a>&nbsp; </span></div>

<div><span style=""FONT-SIZE: 10pt""><br />
		<strong>แบบฟอร์ม </strong><br />
		- <a href=""download/pdf/privilege/bf_03.pdf"">แบบประเมินค่างานตำแหน่งประเภททั่วไป (ระดับชำนาญงาน และระดับอาวุโส)</a>&nbsp; &nbsp;<br />
		- <a href=""download/pdf/privilege/bf_02_.pdf"">แบบประเมินค่างานตำแหน่งประเภทวิชาการ (ระดับชำนาญการ และระดับชำนาญการพิเศษ)</a>&nbsp; &nbsp;<br />
		- <a href=""download/pdf/privilege/bf_01.doc"">แบบประเมินค่างานตำแหน่งประเภทอำนวยการ ระดับสูง / ประเภทวิชาการ ระดับเชี่ยวชาญและระดับทรงคุณวุฒิ / ประเภททั่วไป ระดับทักษะพิเศษ</a>&nbsp; &nbsp;<br />
		- <a href=""download/pdf/privilege/bf_01_ex_.pptx"">การเขียนแบบประเมินค่างานเพื่อกำหนดตำแหน่งประเภทวิชาการ ระดับเชี่ยวชาญ</a>&nbsp; </span></div>

<div><span style=""FONT-SIZE: 10pt"">&nbsp;</span></div>

<div><span style=""FONT-SIZE: 10pt"">&nbsp;</span></div>

<div><span style=""FONT-SIZE: 10pt"">&nbsp;</span></div>

<div><span style=""FONT-SIZE: 10pt"">&nbsp;</span></div>",,"0",,,,,"0"
"68","104","1","1",,"0","0",,"

<div><span style=""FONT-SIZE: 10pt; COLOR: #006400""><strong>เลื่อนขั้นค่าจ้าง</strong></span></div>

<div><span style=""FONT-SIZE: 10pt"">&nbsp;</span></div>

<div><span style=""FONT-SIZE: 10pt""><strong>ระเบียบ หลักเกณฑ์ที่เกี่ยวข้อง</strong> <br />
		- <a href=""download/pdf/privilege/rb_1_.pdf"">ระเบียบกระทรวงการคลัง ว่าด้วยการเลื่อนขั้นค่าจ้างลูกจ้างประจำของส่วนราชการ พ.ศ. 2544</a> &nbsp;<br />
		- <a href=""download/pdf/privilege/rb_2_.rar"">หนังสือกระทรวงการคลัง ที่ กค 0428/ว 38 ลงวันที่ 1 เมษายน 2553 เรื่องบัญชีกำหนดคุณสมบัติเฉพาะตำแหน่งและอัตราค่าจ้างของลูกจ้างประจำ</a> <br />
		- <a href=""download/pdf/privilege/rb_3_.pdf"">หนังสือกระทรวงการคลัง ที่ กค 0428/ว 36 ลงวันที่ 18 เมษายน 2554 เรื่องการปรับโครงสร้างอัตราค่าจ้างลูกจ้างของส่วนราชการ</a> &nbsp;<br />
		- <a href=""download/pdf/privilege/rb_4_.pdf"">หนังสือกระทรวงการคลัง ที่ กค 0428/ว 44 ลงวันที่ 3 พฤษภาคม 2554 เรื่องการกำหนดอัตราค่าจ้างขั้นต่ำ - ขั้นสูง ของลูกจ้างประจำของส่วนราชการ</a>&nbsp; </span></div>

<div><span style=""FONT-SIZE: 10pt""><br />
		<strong>แบบฟอร์ม </strong><br />
		- <a href=""download/pdf/privilege/bf_1_.pdf"">ตัวอย่างคำขอการเลื่อนขั้นค่าจ้าง</a> </span></div>",,"0",,,,,"0"
"69","105","1","1",,"0","0",,"

<div><span style=""FONT-SIZE: 10pt""><strong><span style=""COLOR: #006400"">เครื่องราชอิสริยาภรณ์</span></strong> </span></div>

<div><span style=""FONT-SIZE: 10pt"">&nbsp;</span></div>

<div><span style=""FONT-SIZE: 10pt""><strong>กฎหมายและระเบียบเกี่ยวกับเครื่องราชอิสริยาภรณ์ <br />
			</strong>- <a href=""download/pdf/privilege/kl_rb_1.pdf"">พระราชบัญญัติเครื่องราชอิสริยาภรณ์อันเป็นที่เชิดชูยิ่งช้างเผือก พ.ศ. 2484</a> <br />
		- <a href=""download/pdf/privilege/kl_rb_2.pdf"">พระราชบัญญัติเครื่องราชอิสริยาภรณ์อันมีเกียรติยศยิ่งมงกุฎไทย พ.ศ. 2484</a> <br />
		- <a href=""download/pdf/privilege/kl_rb_3.pdf"">ระเบียบว่าด้วยการขอพระราชทานเครื่องราชอิสริยาภรณ์ อันเป็นที่เชิดชูยิ่งช้างเผือกและเครื่องราชอิสริยาภรณ์อันมีเกียรติยศยิ่งมงกุฎไทย พ.ศ. 2536</a> <br />
		- <a href=""download/pdf/privilege/kl_rb_4.pdf"">ระเบียบสำนักนายกรัฐมนตรีว่าด้วยการขอพระราชทานเครื่องราชอิสริยาภรณ์ อันเป็นที่เชิดชูยิ่งช้างเผือก และเครื่องราชอิสริยาภรณ์อันมีเกียรติยิ่งมงกุฎไทย(ฉบับที่ 2) พ.ศ. 2552</a> <br />
		- <a href=""download/pdf/privilege/kl_rb_5.pdf"">ประกาศคณะปฏิรูปการปกครองในระบบประชาธิปไตยอันมีพระมหากษัตริย์ทรงเป็นประมุข ฉบับที่ 33</a> <br />
		- <a href=""download/pdf/privilege/kl_rb_6.pdf"">พระราชบัญญัติเครื่องราชอิสริยาภรณ์อันเป็นที่สรรเสริญยิ่งดิเรกคุณาภรณ์ พ.ศ. 2534</a> <br />
		- <a href=""download/pdf/privilege/kl_rb_7.pdf"">พระราชกฤษฎีกาว่าด้วยการขอพระราชทานเครื่องราชอิสริยาภรณ์อันเป็นที่สรรเสริญยิ่งดิเรกคุณาภรณ์ พ.ศ. 2538</a> <br />
		- <a href=""download/pdf/privilege/kl_rb_8.pdf"">พระราชกฤษฎีกาว่าด้วยการพระราชทานเครื่องราชอิสริยาภรณ์อันเป็นที่สรรเสริญยิ่งดิเรกคุณาภรณ์ (ฉบับที่ 2) พ.ศ. 2549</a> <br />
		- <a href=""download/pdf/privilege/kl_rb_9.pdf"">พระราชบัญญัติเหรียญจักรมาลาและเหรียญจักรพรรดิมาลา พ.ศ. 2484</a> <br />
		- <a href=""download/pdf/privilege/kl_rb_10.pdf"">พระราชบัญญัติเหรียญจักรมาลาและเหรียญจักรพรรดิมาลา (ฉบับที่ 2) พ.ศ. 2484</a> <br />
		- <a href=""download/pdf/privilege/kl_rb_11.pdf"">พระราชบัญญัติเหรียญจักรมาลาและเหรียญจักรพรรดิมาลา (ฉบับที่ 3) พ.ศ. 2507</a> <br />
		- <a href=""download/pdf/privilege/kl_rb_12.pdf"">ระเบียบสำนักนายกรัฐมนตรีว่าด้วยการประดับเครื่องราชอิสริยาภรณ์ พ.ศ. 2541</a> <br />
		- <a href=""download/pdf/privilege/kl_rb_13.pdf"">ระเบียบสำนักนายกรัฐมนตรีว่าด้วยการพระราชทานพระบรมราชานุญาตเรียกคืนเครื่องราชอิสริยาภรณ์ พ.ศ. 2548</a> <br />
		- <a href=""download/pdf/privilege/kl_rb_14.pdf"">ประกาศสำนักนายกรัฐมนตรี เรื่องลำดับเกียรติเครื่องราชอิสริยาภรณ์ไทย</a>&nbsp; </span></div>

<div><span style=""FONT-SIZE: 10pt"">&nbsp;&nbsp;<br />
		<strong>แบบฟอร์ม</strong> <br />
		ข้าราชการ <br />
		- <a href=""download/pdf/privilege/kl_bf_1.pdf"">แบบ ขร 3</a> &nbsp;<br />
		- <a href=""download/pdf/privilege/kl_bf_2.pdf"">แบบ ขร 4</a></span></div>

<div><span style=""FONT-SIZE: 10pt"">-&nbsp;<a href=""download/pdf/privilege/kl_bf_3.pdf"">ตัวอย่างประวัติข้าราชการ</a> <br />
		- <a href=""download/pdf/privilege/kl_bf_4.xls"">ประวัติข้าราชการรายหน่วยงานที่มีสิทธิขอเหรียญจักรพรรดิประจำปี 2557</a> </span></div>

<div><span style=""FONT-SIZE: 10pt""><br />
		ลูกจ้างประจำ <br />
		- <a href=""download/pdf/privilege/kl_bf_4.pdf"">ตัวอย่างบัญชีแสดงคุณสมบัติของลูกจ้างประจำ</a></span></div>

<div><span style=""FONT-SIZE: 10pt""><br />
		พนักงานราชการ <br />
		- <a href=""download/pdf/privilege/kl_bf_5.pdf"">ตัวอย่างบัญชีแสดงคุณสมบัติของพนักงานราชการ</a></span></div>

<div><span style=""FONT-SIZE: 10pt"">&nbsp;</span></div>

<div><span style=""FONT-SIZE: 10pt"">&nbsp;</span></div>

<div><span style=""FONT-SIZE: 10pt"">&nbsp;</span></div>

<div><span style=""FONT-SIZE: 10pt"">&nbsp;</span></div>",,"0",,,,,"0"
"70","106","1","1",,"0","0",,,,"0",,,,,"0"
"71","107","1","1",,"0","0",,"

<div><span style=""FONT-SIZE: 10pt""><strong><span style=""COLOR: #006400"">เครื่องราชอิสริยาภรณ์</span></strong> </span></div>

<div><span style=""FONT-SIZE: 10pt"">&nbsp;</span></div>

<div><span style=""FONT-SIZE: 10pt""><strong>กฎหมายและระเบียบเกี่ยวกับเครื่องราชอิสริยาภรณ์ <br />
			</strong>- <a href=""download/pdf/privilege/kl_rb_1.pdf"">พระราชบัญญัติเครื่องราชอิสริยาภรณ์อันเป็นที่เชิดชูยิ่งช้างเผือก พ.ศ. 2484</a> <br />
		- <a href=""download/pdf/privilege/kl_rb_2.pdf"">พระราชบัญญัติเครื่องราชอิสริยาภรณ์อันมีเกียรติยศยิ่งมงกุฎไทย พ.ศ. 2484</a> <br />
		- <a href=""download/pdf/privilege/kl_rb_3.pdf"">ระเบียบว่าด้วยการขอพระราชทานเครื่องราชอิสริยาภรณ์ อันเป็นที่เชิดชูยิ่งช้างเผือกและเครื่องราชอิสริยาภรณ์อันมีเกียรติยศยิ่งมงกุฎไทย พ.ศ. 2536</a> <br />
		- <a href=""download/pdf/privilege/kl_rb_4.pdf"">ระเบียบสำนักนายกรัฐมนตรีว่าด้วยการขอพระราชทานเครื่องราชอิสริยาภรณ์ อันเป็นที่เชิดชูยิ่งช้างเผือก และเครื่องราชอิสริยาภรณ์อันมีเกียรติยิ่งมงกุฎไทย(ฉบับที่ 2) พ.ศ. 2552</a> <br />
		- <a href=""download/pdf/privilege/kl_rb_5.pdf"">ประกาศคณะปฏิรูปการปกครองในระบบประชาธิปไตยอันมีพระมหากษัตริย์ทรงเป็นประมุข ฉบับที่ 33</a> <br />
		- <a href=""download/pdf/privilege/kl_rb_6.pdf"">พระราชบัญญัติเครื่องราชอิสริยาภรณ์อันเป็นที่สรรเสริญยิ่งดิเรกคุณาภรณ์ พ.ศ. 2534</a> <br />
		- <a href=""download/pdf/privilege/kl_rb_7.pdf"">พระราชกฤษฎีกาว่าด้วยการขอพระราชทานเครื่องราชอิสริยาภรณ์อันเป็นที่สรรเสริญยิ่งดิเรกคุณาภรณ์ พ.ศ. 2538</a> <br />
		- <a href=""download/pdf/privilege/kl_rb_8.pdf"">พระราชกฤษฎีกาว่าด้วยการพระราชทานเครื่องราชอิสริยาภรณ์อันเป็นที่สรรเสริญยิ่งดิเรกคุณาภรณ์ (ฉบับที่ 2) พ.ศ. 2549</a> <br />
		- <a href=""download/pdf/privilege/kl_rb_9.pdf"">พระราชบัญญัติเหรียญจักรมาลาและเหรียญจักรพรรดิมาลา พ.ศ. 2484</a> <br />
		- <a href=""download/pdf/privilege/kl_rb_10.pdf"">พระราชบัญญัติเหรียญจักรมาลาและเหรียญจักรพรรดิมาลา (ฉบับที่ 2) พ.ศ. 2484</a> <br />
		- <a href=""download/pdf/privilege/kl_rb_11.pdf"">พระราชบัญญัติเหรียญจักรมาลาและเหรียญจักรพรรดิมาลา (ฉบับที่ 3) พ.ศ. 2507</a> <br />
		- <a href=""download/pdf/privilege/kl_rb_12.pdf"">ระเบียบสำนักนายกรัฐมนตรีว่าด้วยการประดับเครื่องราชอิสริยาภรณ์ พ.ศ. 2541</a> <br />
		- <a href=""download/pdf/privilege/kl_rb_13.pdf"">ระเบียบสำนักนายกรัฐมนตรีว่าด้วยการพระราชทานพระบรมราชานุญาตเรียกคืนเครื่องราชอิสริยาภรณ์ พ.ศ. 2548</a> <br />
		- <a href=""download/pdf/privilege/kl_rb_14.pdf"">ประกาศสำนักนายกรัฐมนตรี เรื่องลำดับเกียรติเครื่องราชอิสริยาภรณ์ไทย</a>&nbsp; </span></div>

<div><span style=""FONT-SIZE: 10pt"">&nbsp;&nbsp;<br />
		<strong>แบบฟอร์ม</strong> <br />
		ข้าราชการ <br />
		- <a href=""download/pdf/privilege/kl_bf_1.pdf"">แบบ ขร 3</a> &nbsp;<br />
		- <a href=""download/pdf/privilege/kl_bf_2.pdf"">แบบ ขร 4</a></span></div>

<div><span style=""FONT-SIZE: 10pt"">-&nbsp;<a href=""download/pdf/privilege/kl_bf_3.pdf"">ตัวอย่างประวัติข้าราชการ</a> <br />
		- <a href=""download/pdf/privilege/kl_bf_4.xls"">ประวัติข้าราชการรายหน่วยงานที่มีสิทธิขอเหรียญจักรพรรดิประจำปี 2557</a> </span></div>

<div><span style=""FONT-SIZE: 10pt""><br />
		ลูกจ้างประจำ <br />
		- <a href=""download/pdf/privilege/kl_bf_4.pdf"">ตัวอย่างบัญชีแสดงคุณสมบัติของลูกจ้างประจำ</a></span></div>

<div><span style=""FONT-SIZE: 10pt""><br />
		พนักงานราชการ <br />
		- <a href=""download/pdf/privilege/kl_bf_5.pdf"">ตัวอย่างบัญชีแสดงคุณสมบัติของพนักงานราชการ</a></span></div>

<div><span style=""FONT-SIZE: 10pt"">&nbsp;</span></div>

<div><span style=""FONT-SIZE: 10pt"">&nbsp;</span></div>

<div><span style=""FONT-SIZE: 10pt"">&nbsp;</span></div>

<div><span style=""FONT-SIZE: 10pt"">&nbsp;</span></div>",,"0",,,,,"0"
"72","108","1","1",,"0","0",,"

<div><span style=""COLOR: #006400; FONT-SIZE: 10pt""><strong>การจ้าง </strong></span></div>

<div><span style=""FONT-SIZE: 10pt"">&nbsp;</span></div>

<div><span style=""FONT-SIZE: 10pt""><strong>เอกสารประกอบการจ้างพนักงานราชการ <br />
			</strong>1. ใบสมัครตัวจริง 1 ชุด <br />
		2. เอกสารประกอบการสมัคร 2 ชุด <br />
		- สำเนาบัตรประจำตัวประชาชน <br />
		- สำเนาทะเบียนบ้าน <br />
		- สำเนาปริญญาบัตร หรือประกาศนียบัตร <br />
		- สำเนาระเบียนแสดงผลการศึกษา <br />
		- ใบรับรองแพทย์ <br />
		- สำเนาทะเบียนสมรส(ถ้ามี) <br />
		3. สัญญาจ้างตัวจริง 2 ชุด <br />
		4. ประกาศรับสมัคร <br />
		5. ประกาศผลการสอบที่ขึ้นบัญชี</span></div>

<div><span style=""FONT-SIZE: 10pt""><br />
		<strong>ระเบียบ หลักเกณฑ์ที่เกี่ยวข้อง <br />
			</strong></span><span style=""FONT-SIZE: 10pt"">- <a href=""download/pdf/privilege/sj_rb_01_47.pdf"">ระเบียบสำนักนายกรัฐมนตรีว่าด้วยพนักงานราชการ พ.ศ. 2547</a>&nbsp; &nbsp;<br />
		- <a href=""download/pdf/privilege/sj_rb_02_4.pdf"">ประกาศคณะกรรมการบริหารพนักงานราชการ เรื่องค่าตอบแทนของพนักงานราชการ(ฉบับที่ 4) พ.ศ. 2555 ประกาศ ณ วันที่ 20 กุมภาพันธ์ 2555</a>&nbsp; &nbsp;<br />
		- พระราชบัญญัติระเบียบข้าราชการพลเรือน พ.ศ. 2551 ความในมาตรา 57 (โดยอนุโลม) <br />
		- <a href=""download/pdf/privilege/sj_rb_03.pdf"">คำสั่งมอบอำนาจ กรมการแพทย์ที่ 1177/2554 ลงวันที่ 28 ธันวาคม 2554</a>&nbsp; </span></div>

<div><span style=""FONT-SIZE: 10pt""><br />
		<strong>แบบฟอร์ม</strong> <br />
		- <a href=""download/pdf/privilege/sj_bf_01.pdf"">สัญญาจ้างพนักงานราชการ</a>&nbsp; </span></div>",,"0",,,,,"0"
"73","109","1","1",,"0","0",,"

<div><span style=""FONT-SIZE: 10pt; COLOR: #006400""><strong>การเปลี่ยนตำแหน่งพนักงานราชการ</strong></span></div>

<div><span style=""FONT-SIZE: 10pt"">&nbsp;</span></div>

<div><span style=""FONT-SIZE: 10pt""><strong>หลักเกณฑ์ในการเปลี่ยนตำแหน่งพนักงานราชการ</strong></span><span style=""FONT-SIZE: 10pt""><strong>&nbsp;<br />
			</strong>1. ตำแหน่งที่จะขอเปลี่ยนใหม่ ต้องสอดคล้องกับภารกิจหรือยุทธศาสตร์ของหน่วยงาน <br />
		2. ตำแหน่งที่จะเปลี่ยนต้องเป็นตำแหน่งว่าง (ไม่มีคนครอง) <br />
		3. ตำแหน่งที่จะขอเปลี่ยนใหม่ ค่าตอบแทนต้องไม่สูงกว่าค่าตอบแทนของตำแหน่งเดิม</span></div>

<div><span style=""FONT-SIZE: 10pt""><br />
		<strong>วิธีการขอเปลี่ยนแปลงตำแหน่งพนักงานราชการ</strong> <br />
		1. หน่วยงานตรวจสอบตำแหน่งที่จะขอเปลี่ยนตามหลักเกณฑ์ข้างต้น <br />
		2. จัดทำคำขอเปลี่ยนตำแหน่ง พร้อมเหตุผลความจำเป็น ส่งมาที่สำนักบริหารทรัพยากรบุคคล <br />
		3. สำนักบริหารทรัพยากรบุคคลตรวจสอบข้อมูลและเหตุผลความจำเป็น และวิเคราะห์เสนอกรมฯ พิจารณา <br />
		4. แจ้งผลการพิจารณาให้หน่วยงานทราบ</span></div>

<div><span style=""FONT-SIZE: 10pt""><br />
		<strong>ระเบียบที่เกี่ยวข้อง <br />
			</strong>- <a href=""download/pdf/privilege/r_01.pdf"">หนังสือ คพร. ที่ นร 1008.5/คพร./90 ลงวันที่ 4 ตุลาคม 2548 เรื่องการเปลี่ยนแปลงกลุ่มงานพนักงานราชการในกรอบอัตรากำลังที่ คพร.อนุมัติ</a></span></div>",,"0",,,,,"0"
"74","110","1","1",,"200","200",,"

<div align=""justify""><span style=""FONT-SIZE: 12pt"">&nbsp;&nbsp; เมื่อวันที่ 2 มิถุนายน 2557 เวลา 09.00 น. นายมาโนช แสงประเสริฐ ผู้อำนวยการสำนักบริหารทรัพยากรบุคคล สำนักงานปลัดกระทรวงแรงงาน ได้เข้ารับตำแหน่งใหม่ เผยพร้อมดำเนินงานตามนโยบายของกระทรวงแรงงานและพร้อมทำงานอย่างเต็มความสามารถ</span></div>

<div align=""justify""><span style=""FONT-SIZE: 12pt"">&nbsp;</span></div>

<div align=""right""><span style=""FONT-SIZE: 12pt"">ภาพข่าวโดย : กลุ่มงานพัฒนาบุคลากร</span></div>","MS Sans Serif","1",NULL,NULL,"#000000","left","0"
"75","110","1","2","t20140610134817_75.jpg","200","200","n20140610134817_75.jpg",NULL,"MS Sans Serif","1",NULL,NULL,"#000000","center","0"
"76","110","2","2","t20140610134830_76.jpg","200","200","n20140610134830_76.jpg",NULL,"MS Sans Serif","1",NULL,NULL,"#000000","center","0"
"77","110","3","2","t20140610135016_77.jpg","200","200","n20140610135016_77.jpg",NULL,"MS Sans Serif","1",NULL,NULL,"#000000","center","0"
"78","110","1","3","t20140610135028_78.jpg","200","200","n20140610135028_78.jpg",NULL,"MS Sans Serif","1",NULL,NULL,"#000000","center","0"
"79","110","2","3","t20140610135046_79.jpg","200","200","n20140610135046_79.jpg",NULL,"MS Sans Serif","1",NULL,NULL,"#000000","center","0"
"80","110","3","3","t20140610135437_80.jpg","200","200","n20140610135437_80.jpg",NULL,"MS Sans Serif","1",NULL,NULL,"#000000","center","0"
"81","110","1","4",,"200","200",,NULL,"MS Sans Serif","1",NULL,NULL,"#000000","center","0"
"82","110","2","4",,"200","200",,NULL,"MS Sans Serif","1",NULL,NULL,"#000000","center","0"
"83","110","3","4",,"200","200",,NULL,"MS Sans Serif","1",NULL,NULL,"#000000","center","0"
"84","110","1","5",,"200","200",,NULL,"MS Sans Serif","1",NULL,NULL,"#000000","center","0"
"85","110","2","5",,"200","200",,NULL,"MS Sans Serif","1",NULL,NULL,"#000000","center","0"
"86","110","3","5",,"200","200",,NULL,"MS Sans Serif","1",NULL,NULL,"#000000","center","0"
"87","110","1","6",,"200","200",,NULL,"MS Sans Serif","1",NULL,NULL,"#000000","center","0"
"88","110","2","6",,"200","200",,NULL,"MS Sans Serif","1",NULL,NULL,"#000000","center","0"
"89","110","3","6",,"200","200",,NULL,"MS Sans Serif","1",NULL,NULL,"#000000","center","0"
"90","110","1","7",,"200","200",,NULL,"MS Sans Serif","1",NULL,NULL,"#000000","center","0"
"91","110","2","7",,"200","200",,NULL,"MS Sans Serif","1",NULL,NULL,"#000000","center","0"
"92","110","3","7",,"200","200",,NULL,"MS Sans Serif","1",NULL,NULL,"#000000","center","0"
"93","110","1","8",,"200","200",,NULL,"MS Sans Serif","1",NULL,NULL,"#000000","center","0"
"94","110","2","8",,"200","200",,NULL,"MS Sans Serif","1",NULL,NULL,"#000000","center","0"
"95","110","3","8",,"200","200",,NULL,"MS Sans Serif","1",NULL,NULL,"#000000","center","0"
"96","110","1","9",,"200","200",,NULL,"MS Sans Serif","1",NULL,NULL,"#000000","center","0"
"97","110","2","9",,"200","200",,NULL,"MS Sans Serif","1",NULL,NULL,"#000000","center","0"
"98","110","3","9",,"200","200",,NULL,"MS Sans Serif","1",NULL,NULL,"#000000","center","0"
"99","110","1","10",,"200","200",,NULL,"MS Sans Serif","1",NULL,NULL,"#000000","center","0"
"100","110","2","10",,"200","200",,NULL,"MS Sans Serif","1",NULL,NULL,"#000000","center","0"
"101","110","3","10",,"200","200",,NULL,"MS Sans Serif","1",NULL,NULL,"#000000","center","0"
"102","110","1","11",,"200","200",,NULL,"MS Sans Serif","1",NULL,NULL,"#000000","center","0"
"103","110","2","11",,"200","200",,NULL,"MS Sans Serif","1",NULL,NULL,"#000000","center","0"
"104","110","3","11",,"200","200",,NULL,"MS Sans Serif","1",NULL,NULL,"#000000","center","0"
"105","111","1","1",,"0","0",,"

<div align=""left""><span style=""FONT-FAMILY: Courier New""></span><span style=""FONT-FAMILY: Courier New"">&nbsp;&nbsp;&nbsp; </span></div>

<div align=""left""><span style=""FONT-SIZE: 10pt; FONT-FAMILY: Courier New"">&nbsp;&nbsp;&nbsp;&nbsp;&nbsp;&nbsp;<span style=""COLOR: #9400d3"">กระทรวงแรงงาน ร่างแผนแม่บทการจัดการความรู้ พ.ศ.25582560 มุ่งพัฒนางานการจัดการความรู้(KM)สู่ความเป็นเลิศ พร้อมยกระดับเป็นศูนย์กลางแห่งการเรียนรู้ด้านแรงงาน ย้ำบุคลากรที่เป็นมืออาชีพ กระบวนการจัดการความรู้ที่ยอดเยี่ยม และก้าวสู่องค์กรเป็นเลิศด้านการจัดการความรู้&nbsp;</span></span></div><span style=""FONT-SIZE: 10pt; FONT-FAMILY: Courier New""><span style=""COLOR: #9400d3"">
		
<div align=""left""><br />
			&nbsp;&nbsp;&nbsp;&nbsp;&nbsp; <span style=""COLOR: #0000cd"">นายโกมินทร์ ชาวนาใต้ รักษาการที่ปรึกษาวิชาการแรงงาน กระทรวงแรงงาน เป็นประธานการประชุมเชิงปฏิบัติการคณะกรรมการการจัดการความรู้กระทรวงแรงงาน ครั้งที่ 2/2557ณ ห้องประชุมสำนักบริหารทรัพยากรบุคคล ชั้น 10 อาคารกระทรวงแรงงาน โดยที่ประชุมได้พิจารณาร่างแผนแม่บทการจัดการความรู้กระทรวงแรงงาน พ.ศ.25582560 ที่กระทรวงแรงงานได้นำกระบวนการจัดการความรู้มาใช้เป็นเครื่องมือในการเชื่อมโยงระหว่างบุคลากรกับความรู้ในองค์กร เพื่อสร้างคลังความรู้และผู้เชี่ยวชาญด้านแรงงานที่ช่วยกระตุ้นให้เกิดการและเปลี่ยนเรียนรู้สนับสนุนให้เกิดการถ่ายทอดความรู้ทั่วทั้งองค์กร โดยตั้งเป้าหมายที่ชัดเจนว่า เพื่อยกระดับกระทรวงแรงงานให้สามารถพัฒนาเป็นศูนย์กลางแห่งการเรียนรู้ด้านแรงงานได้ตามเป้าหมายที่กำหนดไว้ โดยใช้เส้นทางการเป็นศูนย์กลางแห่งการเรียนรู้ด้านแรงงานของกระทรวงแรงงานเป็นแม่แบบในการพัฒนาหน่วยงานในสังกัดกระทรวงแรงงาน&nbsp;</span></div></span>
	
<div align=""left""><span style=""COLOR: #0000cd""><br />
			</span>&nbsp;&nbsp;&nbsp;&nbsp;&nbsp; <span style=""COLOR: #006400"">รักษาการที่ปรึกษาวิชาการแรงงาน กล่าวเพิ่มเติมว่า สำหรับเส้นทางการพัฒนาการจัดการความรู้มุ่งสู่ความเป็นเลิศ โดยเป็นศูนย์กลางแห่งการเรียนรู้ด้านแรงงาน โดยมีวิธีการ 3 กระบวนการ ได้แก่ 1)บุคลากรที่เป็นมืออาชีพ (People Excellence)คือ การพัฒนาบุคลากรที่ปฏิบัติงานด้านการจัดการความรู้ให้เป็นนักจัดการความรู้มืออาชีพ พัฒนาระบบเครือข่ายการจัดการความรู้ภายในกระทรวงแรงงานให้เข้มแข็ง ปรับปรุงโครงสร้างของการจัดการความรู้ของหระทรวงให้มีประสิทธิภาพ สร้างความรู้สึกการเป็นเจ้าของร่วมกันในวิสัยทัศน์การจัดการความรู้ของกระทรวงแรงงานเพื่อนำไปสู่เป้าหมายเดียวกันในการจัดการความรู้ของกระทรวง กระบวนการที่สอง คือ 2)กระบวนการจัดการความรู้ที่ยอดเยี่ยม (Process Excellence) เป็นการกำหนดพื้นที่ความรู้ โดยการค้นหาการปฏิบัติที่เป็นเลิศ บทเรียนที่ต้องมีการทบทวน และค้นหาผู้เชี่ยวชาญในด้านต่างๆ จัดการกระบวนการการแบ่งปันความรู้จากพื้นที่ความรู้ โดยใช้วิธีการที่เหมาะสม พัฒนาเทคโนโลยีที่เหมาะสมในการเผยแพร่ความรู้ให้กับผู้มีส่วนเกี่ยวข้องกับการใช้ความรู้นั้น ส่งเสริมกิจกรรมการจัดการความรู้ที่นำไปสู่นวัตกรรมอย่างต่อเนื่อง กระบวนการที่สาม คือ 3) องค์กรที่เป็นเลิศด้านการจัดการความรู้ (Organization Excellence) เป็นการบูรณาการองค์ความรู้เข้าสู่ระบบ KM หลักของกระทรวง การยกย่องเชิดชูเกียรติและให้รางวัลแก่ผู้มีผลงานดีเด่นในกิจกรรมการเรียนรู้และสร้างสรรค์นวัตกรรมของกระทรวง การขยายเครือข่ายการจัดการความรู้ไปสู่ภายนอกกระทรวง รวมถึงการเผยแพร่การจัดการที่เป็นเลิศให้กับสาธารณะ และพัฒนาต้นแบบการจัดการความรู้เพื่อเป็นแบบอย่างให้หน่วยงานอื่น </span></div></span><span style=""FONT-SIZE: 10pt; FONT-FAMILY: Courier New""><span style=""COLOR: #006400"">
		
<div align=""center""><br />
			<span style=""FONT-SIZE: 10pt; FONT-FAMILY: Courier New""><br />
				------------------------------------- 
				
<div align=""right"">&nbsp;</div>
				
<div align=""right"">ข่าว:กลุ่มงานเผยแพร่ประชาสัมพันธ์</div>
				
<div align=""right"">ข้อมูล:กลุ่มงานพัฒนาบุคลากร</div></span></div></span></span>",,"0",,,,,"0"
"106","115","1","1",,"0","0",,,,"0",,,,,"0"
"107","119","1","1",,"0","0",,"

<div><img alt="""" src=""images/banner/banner11.png"" />&nbsp;&nbsp; <img alt="""" src=""images/banner/banner5.png"" /></div>

<div>lllll&nbsp;&nbsp;&nbsp;&nbsp;&nbsp;&nbsp;&nbsp;&nbsp;&nbsp;&nbsp;&nbsp;&nbsp;&nbsp;&nbsp;&nbsp;&nbsp;&nbsp;&nbsp;&nbsp;&nbsp;&nbsp;&nbsp;&nbsp;&nbsp;&nbsp;&nbsp;&nbsp;&nbsp;&nbsp;&nbsp;&nbsp;&nbsp;&nbsp;&nbsp;&nbsp;&nbsp;&nbsp; ppppp</div>",,"0",,,,,"0"
"108","120","1","1",,"0","0",,"

<div align=""left""><strong><span style=""COLOR: #9400d3; FONT-SIZE: 24pt"">ผู้อำนวยการ สบค. </span></strong><strong><span style=""COLOR: #9400d3; FONT-SIZE: 24pt"">คนปัจจุบัน</span></strong></div>

<div align=""left""><strong><span style=""COLOR: #9400d3; FONT-SIZE: 24pt"">
			
<div><strong><span style=""COLOR: #9400d3; FONT-SIZE: 24pt"">มาปฏิบัติหน้าที่ ตั้งแต่วันที่ 2 มิถุนายน 2557 </span></strong></div></span></strong></div>

<div align=""center""><strong><span style=""COLOR: #9400d3; FONT-SIZE: 18pt"">&nbsp;</span></strong></div>

<div align=""center""><strong><span style=""COLOR: #ff0000; FONT-SIZE: 14pt"">(<span style=""COLOR: #ff0000; FONT-SIZE: 18pt"">นายมาโนช&nbsp; แสงประเสริฐ) </span></span></strong></div>

<div align=""center""><strong><span style=""COLOR: #ff0000; FONT-SIZE: 18pt"">นักทรัพยากรบุคคลชำนาญการพิเศษ รักษาการในตำแหน่ง</span></strong></div>

<div align=""center""><strong><span style=""COLOR: #ff0000; FONT-SIZE: 14pt"">ผู้เชี่ยวชาญเฉพาะด้านการบริหารทรัพยากรบุคคล ปฏิบัติหน้าที่</span></strong></div>

<div align=""center""><strong><span style=""COLOR: #ff0000; FONT-SIZE: 18pt"">ผู้อำนวยการสำนักบริหารทรัพยากรบุคคล </span></strong></div>

<div><strong><span style=""COLOR: #9400d3; FONT-SIZE: 18pt"">&nbsp;</span></strong></div>

<div><strong><span style=""COLOR: #ff1493; FONT-SIZE: 24pt"">&nbsp;</span></strong></div>

<div align=""center""><strong><span style=""COLOR: #ff1493; FONT-SIZE: 18pt""><span style=""COLOR: #ff1493; FONT-SIZE: 18pt"">(Mr.Manote&nbsp; Sangprasert)</span></span></strong></div>

<div align=""center""><strong><span style=""COLOR: #ff1493; FONT-SIZE: 18pt""><span style=""COLOR: #ff1493; FONT-SIZE: 18pt"">Human Resource Officer, Senior Professional Level </span></span></strong></div>

<div align=""center""><strong><span style=""COLOR: #ff1493; FONT-SIZE: 18pt""><span style=""COLOR: #ff1493; FONT-SIZE: 18pt"">Acting Human Resource Officer, Expert Level </span></span></strong></div>

<div align=""center""><strong><span style=""COLOR: #ff1493; FONT-SIZE: 18pt""><span style=""COLOR: #ff1493; FONT-SIZE: 18pt"">Acting as Director of Human Resource Administration Bureau</span></span></strong></div>

<div><strong><span style=""COLOR: #9400d3; FONT-SIZE: 24pt"">&nbsp;</span></strong></div>

<div><strong><span style=""COLOR: #9400d3; FONT-SIZE: 24pt"">&nbsp;</span></strong></div>

<div><strong><span style=""COLOR: #9400d3; FONT-SIZE: 24pt"">&nbsp;</span></strong></div>",,"0",,,,,"0"
