"n_id","c_id","n_date","n_new_modi","n_last_modi","n_timestamp","n_topic","n_des","source","sourceLink","keyword","picture","news_use","at_id","d_id","link_html","target","expire","logo","access","n_share","n_shareuse","n_sharename","n_shareid","n_approve","n_approvedate","for_pda","show_newstop","show_vote","show_comment","comment_type","n_owner","n_date_start","n_date_end","n_time","n_delowner","n_deldate","show_group","show_topic","show_date","n_owner_org","show_textsize","show_count","d_id_w3c","picture_alt","html","wcag","css"
"1","4","2551-09-01","20150203152330","20150423105406","2015-02-03 15:36:13","Album: โครงการฝึกอบรมและประชุมเชิงปฏิบัติการเจ้าหน้าที่ศูนย์บริการร่วม",,,,"โครงการฝึกอบรมและประชุมเชิงปฏิบัติการเจ้าหน้าที่ศูนย์บริการร่วมกระทรวงแรงงาน ระหว่างวันที่ 10-12 กรกฏาคม 2551 ณ.กระทรวงแรงงานและโรงแรมบางกอก กอล์ฟ สปา รีสอร์ท จังหวัดปทุมธานี ","n20150203_1.jpg","2","3","5",,"_self","2558-02-08",,,NULL,NULL,NULL,NULL,"Y","2017-02-07",NULL,,,,"1","0",,,,NULL,NULL,"1","1","1",,,,"0",NULL,NULL,NULL,NULL
"2","4","2551-09-10","20150203152951","20150427102854","2015-02-03 15:36:37","Album: การฝึกอบรมเว็บไซต์และระบบจดหมายอิเล็กทรอนิกส์",,,,"โครงการฝึกอบรมและประชุมเชิงปฏิบัติการเจ้าหน้าที่ศูนย์บริการร่วม","n20150203_2.jpg","2","3","5",,"_self","2558-02-08",,,NULL,NULL,NULL,NULL,"Y","2018-03-02",NULL,,,,"1","0",,,,NULL,NULL,"1","1","1",,,,"0",NULL,NULL,NULL,NULL
"3","4","2552-01-16","20150203153524","20150209142600","2015-02-03 15:35:24","Album: โครงการอบรมเจ้าหน้าที่ผู้ปฏิบัติงานสายด่วนกระทรวงแรงงาน ๑๕๐๖",,,,"โครงการอบรมเจ้าหน้าที่ผู้ปฏิบัติงานสายด่วนกระทรวงแรงงาน ๑๕๐๖ วันจันทร์ที่ ๑๒ มกราคม ๒๕๕๒ ณ ห้องประชุมประกันสังคม ชั้น ๗ อาคารสำนักงานประกันสังคมเขตพื้นที่ ๓ กระทวงแรงงาน ดินแดง กรุงเทพมหานครลงทะเบียนก่อนอบรมผู้เข้ารับการอบรม ๑๕๐๖ท่านประธานรอเปิดการอบรมท่านรองสมเกียรติ ฉายะศรีวงศ์ กล่าวรายงานพิธีการเปิดฝึกอบรมโดย ปลัดกระทรวงแรงงานปลัดกระทรวงแรงงาน ให้ข้อคิดและคำแนะนำการบรรยายเรื่อง จิตวิทยาในการตอบข้อซักถามและเทคนิคในการให้บริการเพื่อสร้างความสุขฯ โดยนายแพทย์ ชาญวิทย์ วสันต์ธนารัตน์  การบรรยายโดยวิทยากรของ กรมการจัดหางาน กรมพัฒนาฝีมือแรงงาน กรมสวัสดิการและคุ้มรองแรงงาน และสำนักงานประกันสังคม","n20150203_3.jpg","2","3","5",,"_self","2558-02-08",,,NULL,NULL,NULL,NULL,"Y","2018-03-02",NULL,,,,"1","0",,,,NULL,NULL,"1","1","1",,,,"0",NULL,NULL,NULL,NULL
"4","5","2552-02-01","20150203155013","20180302161657","2015-02-03 15:55:01","สปส. ลดอัตราเงินสมทบ เหลือร้อยละ 3 ตั้งแต่งวดเดือน ก.ค. - ธ.ค. 52","สำนักงานประกันสังคม (สปส.) บรรเทาภาระให้นายจ้างและผู้ประกันตน โดยการลดอัตราเงินสมทบกองทุนประกันสังคม จากเดิมฝ่ายละ ร้อยละ 5 เป็นฝ่ายละ ร้อยละ 3 ตั้งแต่งวดเดือน ก.ค. งวดเดือน ธ.ค. 52",,,,,"2","10","5",,"_self","2558-02-08",,,NULL,NULL,NULL,NULL,"Y","2015-02-10",NULL,,,,"1","0",,,,NULL,NULL,"1","1","1",,,,"0",NULL,NULL,NULL,NULL
"5","5","2552-02-02","20150203155643","20160824093807","2015-02-03 15:56:43","&quot;ต้นกล้าอาชีพ&quot; รอบกันยายน 2552","โครงการต้นกล้าอาชีพ เริ่มรับสมัครพร้อมกันทั่วประเทศ ตั้งแต่วันที่ 1  16 สิงหาคม 2552",,,,,"2","10","5",,"_self","2558-02-08",,,NULL,NULL,NULL,NULL,"Y","2015-02-10",NULL,,,,"1","0",,,,NULL,NULL,"1","1","1",,,,"0",NULL,NULL,NULL,NULL
"6","5","2552-02-03","20150203155837","20180302084440","2015-02-03 15:58:37","เราจะส่งเงินสมทบอย่างไร เมื่อ สปส. &quot;ลดอัตราเงินสมทบ&quot;","&quot;มาตรการลดอัตราเงินสมทบกองทุนประกันสังคม&quot; เป็นมาตรการหนึ่งของสำนักงานประกันสังคมที่ดเนินการ เพื่อเป็นการบรรเทาภาวะค่าใช้จ่ายให้กับนายจ้างและผุ้ประกันตน ซึ่งสนองตอบต่อมาตรการในการบรรเทาปัญหาเลิกจ้างของกระทรวงแรงงานในการ ลดค่าครองชีพ โดนได้ปรับลดอัตราเงินสมทบให้กับนายจ้าง และผู้ประกันตน (มาตรา 33 ) จากเดิมฝ่ายละ ร้อยละ 5 เป็นฝ่ายละ ร้อยละ 3 ตั้งแต่ งวดเดือน ก.ค.  งวดเดือน ธ.ค. 52 ส่วนรัฐบาลจ่ายสมทบในอัตราร้อยละ 2.75 เท่าเดิม",,,,,"2","10","5",,"_blank","2558-02-08",,,NULL,NULL,NULL,NULL,"Y","2015-02-10",NULL,,,,"1","0",,,,NULL,NULL,"1","1","1",,,,"0",NULL,NULL,NULL,NULL
"7","5","2552-02-04","20150203160558","20150410160849","2015-02-03 16:05:58","สปส. แจงผู้ประกันตนเสียชีวิตก่อนอายุ 55 ปี ทายาทมีสิทธิรับเงินบำนาญชราภาพ",,,,,,"2","10","5",,"_self","2558-02-08",,,NULL,NULL,NULL,NULL,"Y","2015-02-10",NULL,,,,"1","0",,,,NULL,NULL,"1","1","1",,,,"0",NULL,NULL,NULL,NULL
"8","2","2558-02-01","20150203161423","20150203161423","2015-02-03 16:14:23","บริการเบ็ดเสร็จ",,,,,,"2","10","5",,"_self","2558-02-08",,,NULL,NULL,NULL,NULL,"Y","2015-06-08",NULL,,,,"1","0",,,,NULL,NULL,"1","1",,,,,"0",NULL,NULL,NULL,NULL
"9","2","2558-02-02","20150203163702","20161010093254","2015-02-03 16:37:02","บริการรับเรื่อง-ส่งต่อ",,,,,,"2","10","5",,"_self","2558-02-08",,,NULL,NULL,NULL,NULL,"Y","2015-06-08",NULL,,,,"1","0",,,,NULL,NULL,"1","1",,,,,"0",NULL,NULL,NULL,NULL
"10","5","2558-02-04","20150205091846","20150611100957","2015-02-05 09:21:39","สถานพยาบาลประกันสังคมที่ผู้ประกันตนต้องการเปลี่ยน ณ วันที่ 6 มกราคม 2558","สถานพยาบาลประกันสังคมที่ผู้ประกันตนต้องการเปลี่ยน/เลือกและสามารถรับจานวนผู้ประกันตน ณ วันที่ 6 มกราคม 2558",,,,,"1","11","5","download/article/article_20150205091846.pdf","_blank","2558-02-10",,,NULL,NULL,NULL,NULL,"Y","2017-02-14",NULL,NULL,NULL,NULL,NULL,"0",,,,NULL,NULL,"1","1","1",,,,"0",NULL,NULL,NULL,NULL
"11","5","2558-02-03","20150205092019","20150205092019","2015-02-05 09:21:50","สถานพยาบาลประกันสังคมที่ผู้ประกันตนต้องการเปลี่ยน/เลือกและสามารถรับจานวนผู้ประกันตน ณ วันที่ 3 พฤศจิกายน 2557","สถานพยาบาลประกันสังคมที่ผู้ประกันตนต้องการเปลี่ยน/เลือกและสามารถรับจานวนผู้ประกันตน ณ วันที่ 3 พฤศจิกายน 2557",,,,,"1","11","5","download/article/article_20150205092019.pdf","_blank","2558-02-10",,,NULL,NULL,NULL,NULL,"Y","2016-12-06",NULL,NULL,NULL,NULL,NULL,"0",,,,NULL,NULL,"1","1","1",,,,"0",NULL,NULL,NULL,NULL
"12","5","2558-02-02","20150205092243","20150205092243","2015-02-05 09:22:43","สำนักงานประกันสังคม (สปส.) เปิดโอกาสให้ผู้ที่มีอายุตั้งแต่ 65 ปีขึ้นไป ตั้งแต่บัดนี้ ไปจนถึงวันที่ 8 ธันวาคม 2557 เท่านั้น","สำนักงานประกันสังคม (สปส.) เปิดโอกาสให้ผู้ที่มีอายุตั้งแต่ 65 ปีขึ้นไป สามารถสมัครเป็นผู้ประกันตนตามมาตรา 40 ทางเลือกที่ 3 (เงินบำนาญชราภาพ) กับสำนักงานประกันสังคม เพื่อออมเงินไว้ใช้จ่ายในยามชราภาพ ได้ตั้งแต่วันนี้ ไปจนถึงวันที่ 8 ธันวาคม 2557 เท่านั้น",,,,,"2","10","5",,"_self","2558-02-10",,,NULL,NULL,NULL,NULL,"Y","2016-10-13",NULL,,,,"1","0",,,,NULL,NULL,"1","1","1",,,,"0",NULL,NULL,NULL,NULL
"13","1","2558-01-01","20150205093112","20150206115148","2015-02-05 09:31:12","สำหรับเจ้าหน้าที่ ศบช.",,,,,,"2","10","5",,"_self","2558-02-10",,,NULL,NULL,NULL,NULL,,"2017-06-09",NULL,,,,"1","0",,,,NULL,NULL,"1","1",,,,,"0",NULL,NULL,NULL,NULL
"15","1","2558-01-03","20150205093316","20150205093316","2015-02-05 09:33:16","การให้บริการของ ศบช.",,,,,,"2","10","5",,"_self","2558-02-10",,,NULL,NULL,NULL,NULL,"Y","2017-06-09",NULL,,,,"1","0",,,,NULL,NULL,"1","1",,,,,"0",NULL,NULL,NULL,NULL
"16","1","2558-01-04","20150205093351","20150205093351","2015-02-05 09:33:51","ยุทธศาสตร์การดำเนินงาน ศบช.",,,,,,"2","10","5",,"_self","2558-02-10",,,NULL,NULL,NULL,NULL,"Y","2017-06-09",NULL,,,,"1","0",,,,NULL,NULL,"1","1",,,,,"0",NULL,NULL,NULL,NULL
"17","1","2558-01-05","20150205093420","20150205093420","2015-02-05 09:34:32","ข้อมูลทั่วไป",,,,,,"2","10","5",,"_self","2558-02-10",,,NULL,NULL,NULL,NULL,"Y","2017-06-09",NULL,,,,"1","0",,,,NULL,NULL,"1","1",,,,,"0",NULL,NULL,NULL,NULL
"18","2","2558-02-03","20150205093515","20150423111505","2015-02-05 09:35:15","บริการข้อมูลข่าวสาร",,,,,,"2","10","5",,"_self","2558-02-10",,,NULL,NULL,NULL,NULL,"Y","2015-06-08",NULL,,,,"1","0",,,,NULL,NULL,"1","1",,,,,"0",NULL,NULL,NULL,NULL
"19","3","2558-02-01","20150205093627","20150205093627","2015-02-05 09:36:27","งานประกันสังคม",,,,,,"1","11","5","http://www.sso.go.th/wpr/category.jsp?lang=th&cat=806","_blank","2558-02-10",,,NULL,NULL,NULL,NULL,"Y","2017-07-18",NULL,NULL,NULL,NULL,NULL,"0",,,,NULL,NULL,"1","1","1",,,,"0",NULL,NULL,NULL,NULL
"20","3","2558-02-02","20150205093656","20150205093656","2015-07-13 09:38:24","งานสวัสดิการและคุ้มครองแรงงาน",,,,,,"1","11","5","http://www.labour.go.th/th/index.php?option=com_content&view=category&id=33&Itemid=108","_blank","2558-02-10",,,NULL,NULL,NULL,NULL,"Y","2017-07-18",NULL,NULL,NULL,NULL,NULL,"0",,,,NULL,NULL,"1","1","1",,,,"0",NULL,NULL,NULL,NULL
"21","3","2558-02-03","20150205093851","20150205093851","2017-07-18 08:56:12","งานพัฒนาฝีมือแรงงาน",,,,,,"1","11","5","http://www.dsd.go.th/DSD/Doc/DocumentType","_blank","2558-02-10",,,NULL,NULL,NULL,NULL,"Y","2017-07-18",NULL,NULL,NULL,NULL,NULL,"0",,,,NULL,NULL,"1","1","1",,,,"0",NULL,NULL,NULL,NULL
"22","3","2558-02-04","20150205093946","20150205093946","2017-07-18 08:56:05","งานจัดหางาน",,,,,,"1","11","5","https://www.doe.go.th/prd/main/downloads/param/site/1/cat/14/sub/0/pull/module/view/list-label","_blank","2558-02-10",,,NULL,NULL,NULL,NULL,"Y","2017-07-18",NULL,NULL,NULL,NULL,NULL,"0",,,,NULL,NULL,"1","1","1",,,,"0",NULL,NULL,NULL,NULL
"23","6","2558-02-04","20150205094309","20170613155035","2015-02-05 09:43:09","ติดต่อเรา",,,,,,"2","10","5",,"_self","2558-02-10",,,NULL,NULL,NULL,NULL,"Y","2018-03-02",NULL,,,,"1","0",,,,NULL,NULL,,"1",,,,,"0",NULL,NULL,NULL,NULL
"24","4","2552-06-30","20150205103856","20150209142554","2015-02-05 10:47:32","Album: การฝึกอาชีพอิสระ &quot;เพ้นท์เล็บ&quot;","การฝึกอาชีพอิสระสำหรับประชาชนและผู้ใช้แรงงาน &quot;การเพ้นท์เล็บ&quot;
วันที่ 15 กุมภาพันธ์ 2552 ณ ศูนย์บริการร่วมกระทรวงแรงงาน ฟิวเจอร์ปาร์ค บางแค",,,"การฝึกอาชีพอิสระสำหรับประชาชนและผู้ใช้แรงงาน ""การเพ้นท์เล็บ"" วันที่ 15 กุมภาพันธ์ 2552 ณ ศูนย์บริการร่วมกระทรวงแรงงาน ฟิวเจอร์ปาร์ค บางแค","n20150205_24.jpg","2","3","5",,"_self","2558-02-10",,,NULL,NULL,NULL,NULL,"Y","2018-03-02",NULL,,,,"1","0",,,,NULL,NULL,"1","1","1",,,,"0",NULL,NULL,NULL,NULL
"25","4","2552-06-30","20150205105209","20150209142542","2015-02-05 10:52:09","Album: การฝึกอาชีพอิสระ &quot;บุหงาการบูร&quot;","การฝึกอชีพอิสระสำหรับประชาชนและผู้ใช้แรงงาน &quot;การทำบุหงาการบูร&quot;
วันที่ 21 มีนาคม 2552 ณ ศูนย์บริการร่วมกระทรวงแรงงาน ฟิวเจอร์ปาร์ค บางแค",,,"การฝึกอชีพอิสระสำหรับประชาชนและผู้ใช้แรงงาน ""การทำบุหงาการบูร"" วันที่ 21 มีนาคม 2552 ณ ศูนย์บริการร่วมกระทรวงแรงงาน ฟิวเจอร์ปาร์ค บางแค","n20150205_25.jpg","2","3","5",,"_self","2558-02-10",,,NULL,NULL,NULL,NULL,"Y","2018-03-02",NULL,,,,"1","0",,,,NULL,NULL,"1","1","1",,,,"0",NULL,NULL,NULL,NULL
"26","4","2552-07-09","20150205110051","20150209142533","2015-02-05 11:00:51","Album: ฝึกอาชีพอิสระ &quot;การเพ้นท์ผ้า&quot;","การฝึกอาชีพอิสระสำหรับประชาชนและผู้ใช้แรงงาน &quot;การเพ้นท์ผ้า&quot;
วันที่ 25 เมษายน 2552 ณ ศูนย์บริการร่วมกระทรวงแรงงาน ห้างสรรพสินค้าฟิวเจอร์ปาร์ค บางแค",,,"การฝึกอาชีพอิสระสำหรับประชาชนและผู้ใช้แรงงาน ""การเพ้นท์ผ้า"" วันที่ 25 เมษายน 2552 ณ ศูนย์บริการร่วมกระทรวงแรงงาน ห้างสรรพสินค้าฟิวเจอร์ปาร์ค บางแค","n20150205_26.jpg","2","3","5",,"_self","2558-02-10",,,NULL,NULL,NULL,NULL,"Y","2018-03-02",NULL,,,,"1","0",,,,NULL,NULL,"1","1","1",,,,"0",NULL,NULL,NULL,NULL
"27","4","2552-07-10","20150205110525","20150209142522","2015-02-05 11:05:25","Album: การฝึกอาชีพอิสระ &quot;เพ้นท์ผ้า 2&quot;","การฝึกอาชีพอิสระสำหรับประชาชนและผู้ใช้แรงงาน &quot;เพ้นท์ผ้า 2&quot;
ในวันที่ 23 พฤษภาคม 2552 ณ ศูนย์บริการร่วมกระทรวงแรงงาน ห้างสรรพสินค้าฟิวเจอร์ปาร์ค บางแค",,,"การฝึกอาชีพอิสระสำหรับประชาชนและผู้ใช้แรงงาน ""เพ้นท์ผ้า 2"" ในวันที่ 23 พฤษภาคม 2552 ณ ศูนย์บริการร่วมกระทรวงแรงงาน ห้างสรรพสินค้าฟิวเจอร์ปาร์ค บางแค","n20150205_27.jpg","2","3","5",,"_self","2558-02-10",,,NULL,NULL,NULL,NULL,"Y","2018-03-02",NULL,,,,"1","0",,,,NULL,NULL,"1","1","1",,,,"0",NULL,NULL,NULL,NULL
"28","4","2552-07-11","20150205111207","20150209142513","2015-02-05 11:34:24","Album: การฝึกอบรมยกระดับฝีมือแรงงาน","การฝึกอบรมยกระดับฝีมือแรงงาน &quot;ภาษาอังกฤษเพื่อการสื่อสาร&quot;
วันเสาร์-อาทิตย์ ระหว่างวันที่ 13 - 28 มิถุนายน 2552 ระยะเวลาการฝึกอบรมฯ 5 ครั้ง 30 ชั่วโมง มีผู้เข้าฝึกอบรมฯ 14 คน 
ณ เคาน์เตอร์บริการประชาชนกระทรวงแรงงานห้างสรรพสินค้าฟิวเจอร์ปาร์ค บางแค กทม.",,,"การฝึกอบรมยกระดับฝีมือแรงงาน ""ภาษาอังกฤษเพื่อการสื่อสาร"" วันเสาร์-อาทิตย์ ระหว่างวันที่ 13 - 28 มิถุนายน 2552 ระยะเวลาการฝึกอบรมฯ 5 ครั้ง 30 ชั่วโมง มีผู้เข้าฝึกอบรมฯ 14 คน ณ เคาน์เตอร์บริการประชาชนกระทรวงแรงงานห้างสรรพสินค้าฟิวเจอร์ปาร์ค บางแค กทม.","n20150205_28.jpg","2","3","5",,"_self","2558-02-10",,,NULL,NULL,NULL,NULL,"Y","2018-03-02",NULL,,,,"1","0",,,,NULL,NULL,"1","1","1",,,,"0",NULL,NULL,NULL,NULL
"29","4","2552-07-12","20150205111850","20150209142259","2015-02-05 15:09:19","Album: การฝึกอบรมและประชุมเชิงปฏิบัติการเจ้าหน้าที่ศูนย์บริการร่วมฯ","การฝึกอบรมและประชุมเชิงปฏิบัติการเจ้าหน้าที่ศูนย์บริการร่วมและเคาน์เตอร์บริการประชาชนกระทรวงแรงงาน ระหว่างวันที่ 26-27 มิถุนายน 2552 ณ ห้องประชุมสำนักงานประกันสังคม ชั้น 7 อาคารสำนักงานประกันสังคมเขตพื้นที่ 3 และโรงแรมเมาท์เทนบีช เมืองพัทยา จังหวัดชลบุรี",,,"การฝึกอบรมและประชุมเชิงปฏิบัติการเจ้าหน้าที่ศูนย์บริการร่วมและเคาน์เตอร์บริการประชาชนกระทรวงแรงงาน ระหว่างวันที่ 26-27 มิถุนายน 2552 ณ ห้องประชุมสำนักงานประกันสังคม ชั้น 7 อาคารสำนักงานประกันสังคมเขตพื้นที่ 3 และโรงแรมเมาท์เทนบีช เมืองพัทยา จังหวัดชลบุรี","n20150205_29.jpg","2","3","5",,"_self","2558-02-10",,,NULL,NULL,NULL,NULL,"Y","2018-03-02",NULL,,,,"1","0",,,,NULL,NULL,"1","1","1",,,,"0",NULL,NULL,NULL,NULL
"122","5","2558-04-03","20150408115245","20150408115245","2015-06-09 14:44:40","Update รายชื่อสถานพยาบาลที่สามารถรับจำนวนผู้ประกันตน ที่ต้องการเปลี่ยน/เลือก ข้อมูล ณ วันที่ 1 เม.ย. 58",,"http://www.sso.go.th",,,,"1","11","0","download/article/article_20150408115245.pdf","_blank","2558-04-13",,,NULL,NULL,NULL,NULL,"Y","2017-06-07",NULL,NULL,NULL,NULL,NULL,"63",,,,NULL,NULL,"1","1","1","ศูนย์บริการประชาชน",,,"0",NULL,NULL,NULL,NULL
"33","7","2558-02-09","20150209134034","20150410160836","2015-02-09 13:40:34","e-Service MOL",,,,,,"2","10","0",,"_self","2558-02-14",,,NULL,NULL,NULL,NULL,"Y","2015-02-09",NULL,,,,"1","0",,,,NULL,NULL,,"1",,,,,"0",NULL,NULL,NULL,NULL
"36","1","2558-01-02","20150209161712","20150209164744","2015-02-09 16:17:12","เกียรติรางวัล",,,,"ปี 2549 ได้รับรางวัลคุณภาพการให้บริการประชาชน ประจำปี 2549 รางวัลอำนวยความสะดวกและตอบสนองความต้องการของประชาชนปี 2550 ได้รับรางวัลมาตรฐานเคาน์เตอร์บริการประชาชน ประจำปี 2550 รางวัลชมเชย ประเภทเสริมสร้างภาพลักษณ์ ของเคาน์เตอร์บริการประชาชนกระทรวงแรงงานปี 2552 รางวัลมาตรฐานเคาน์เตอร์บริการประชาชน รางวัลชมเชย ประเภทการเสริมสร้างภาพลักษณ์ ของเคาน์เตอร์บริการประชาชนกระทรวงแรงงาน และได้ย้ายมาให้บริการ ณ ห้างสรรพสินค้า เทสโก้ โลตัส สาขาปิ่นเกล้า ปี 2552 รางวัลมาตรฐานเคาน์เตอร์บริการประชาชน รางวัลชมเชย ประเภทการเสริมสร้างภาพลักษณ์ ของเคาน์เตอร์บริการประชาชนกระทรวงแรงงาน ณ ห้างสรรพสินค้า เทสโก้ โลตัส สาขาปิ่นเกล้า ปี 2554 รางวัลดีเด่น ด้านการบูรณาการ สำหรับเคาน์เตอร์บริการประชาชน กระทรวงแรงงานจังหวัดนครราชสีมา ปี 2554 รางวัลชมเชย ด้านการบูรณาการ สำหรับเคาน์เตอร์บริการประชาชนกระทรวงแรงงาน ณ ห้างสรรพสินค้า เทสโก้ โลตัส สาขาปิ่นเกล้า ปี 2556 รางวัลบริการภารรัฐแห่งชาติ ประจำปี 2556 ระดับดี ประเภทรางวัลการพัฒนางานบริการที่เป็นเลิศ สำหรับเคาน์เตอร์บริการประชาชนกระทรวงแรงงาน ณ ห้างสรรพสินค้า เทสโก้ โลตัส สาขาปิ่นเกล้า ",,"2","1","5",,"_self","2558-02-14",,,,NULL,NULL,NULL,"D","2015-04-21",NULL,,,,"1","0",,,,"0","20150421105225","1","1",,,,,"0",NULL,NULL,NULL,NULL
"120","5","2558-03-04","20150408114116","20150408114116","2015-06-09 14:45:37","Update รายชื่อสถานพยาบาลที่สามารถรับจำนวนผู้ประกันตน ที่ต้องการเปลี่ยน/เลือก ข้อมูล ณ วันที่ 3 มี.ค. 58",,"http://www.sso.go.th",,,,"1","11","0","download/article/article_20150408114116.pdf","_blank","2558-04-13",,,NULL,NULL,NULL,NULL,"Y","2017-03-03",NULL,NULL,NULL,NULL,NULL,"63",,,,NULL,NULL,"1","1","1","ศูนย์บริการประชาชน",,,"0",NULL,NULL,NULL,NULL
"37","8","2558-01-01","20150209175208","20150209175208","2015-02-09 17:52:08","แบบฟอร์มรายงานผลดำเนินงานศูนย์บริการร่วมกระทรวงแรงงาน ประจำเดือน เชิงปริมาณและเชิงคูณภาพ (ศบร.๐๘/๑ - ๐๘/๒)",,,,,,"1","11","0","download/article/article_20150209175208.doc","_blank","2558-02-14",,,NULL,NULL,NULL,NULL,,"2016-10-07",NULL,NULL,NULL,NULL,NULL,"0",,,,NULL,NULL,"1","1","1",,,,"0",NULL,NULL,NULL,NULL
"38","8","2558-09-30","20150209175241","20150209175241","2015-11-18 11:16:34","แบบฟอร์มรายงานการใช้จ่ายเงินในการดำเนินงานศูนย์บริการร่วมกระทรวงแรงงาน (ศบร.05)",,,,,,"1","11","0","download/article/article_20151118111446.doc","_blank","2558-02-14",,,NULL,NULL,NULL,NULL,,"2017-09-27",NULL,NULL,NULL,NULL,NULL,"0",,,,NULL,NULL,"1","1","1",,,,"0",NULL,NULL,NULL,NULL
"39","8","2558-09-30","20150209175308","20150209175308","2015-11-18 11:16:23","แบบฟอร์มการจัดทำแผนเป้าหมายประจำปีงบประมาณ (ศบร.04)",,,,,,"1","11","0","download/article/article_20151118111425.doc","_blank","2558-02-14",,,NULL,NULL,NULL,NULL,,"2017-09-27",NULL,NULL,NULL,NULL,NULL,"0",,,,NULL,NULL,"1","1","1",,,,"0",NULL,NULL,NULL,NULL
"40","8","2558-09-30","20150209175332","20150209175332","2015-11-18 11:16:09","แบบฟอร์มการจัดทำแผนปฏิบัติงาน ประจำเดือน (ศบร.03)",,,,,,"1","11","0","download/article/article_20151118111348.doc","_blank","2558-02-14",,,NULL,NULL,NULL,NULL,"Y","2017-09-27",NULL,NULL,NULL,NULL,NULL,"0",,,,NULL,NULL,"1","1","1",,,,"0",NULL,NULL,NULL,NULL
"41","8","2558-09-30","20150209175359","20150209175359","2015-11-18 11:13:09","แบบฟอร์มการจัดทำแผนปฏิบัติงาน ประจำปีงบประมาณ  (ศบร.02) ",,,,,,"1","11","0","download/article/article_20151118111309.doc","_blank","2558-02-14",,,NULL,NULL,NULL,NULL,,"2017-09-27",NULL,NULL,NULL,NULL,NULL,"0",,,,NULL,NULL,"1","1","1",,,,"0",NULL,NULL,NULL,NULL
"42","8","2558-01-06","20150209175429","20150209175429","2015-02-09 17:54:29","คู่มือการปฏิบัติงานของเจ้าหน้าที่ศูนย์บริการร่วมกระรวงแรงงาน ประจำปีงบประมาณ พ.ศ. 2557 ",,,,,,"1","11","0","download/article/article_20150209175429.doc","_blank","2558-02-14",,,NULL,NULL,NULL,NULL,,"2016-10-07",NULL,NULL,NULL,NULL,NULL,"0",,,,NULL,NULL,"1","1","1",,,,"0",NULL,NULL,NULL,NULL
"43","8","2558-01-07","20150209175504","20150209175504","2015-02-09 17:55:04","แบบฟอร์มรายงานผลการดำเนินงานศูนย์บริการร่วมกระทรวงแรงงานประจำเดือน แบบ ศบร.๐๘/๒(2557)",,,,,,"1","11","0","download/article/article_20150209175504.pdf","_blank","2558-02-14",,,NULL,NULL,NULL,NULL,,"2016-10-07",NULL,NULL,NULL,NULL,NULL,"0",,,,NULL,NULL,"1","1","1",,,,"0",NULL,NULL,NULL,NULL
"44","8","2558-01-08","20150209175530","20150209175530","2015-02-09 17:55:30","แบบฟอร์มรายงานผลการดำเนินงานศูนย์บริการร่วมกระทรวงแรงงานประจำเดือน แบบ ศบร.๐๘/๑(2557)",,,,,,"1","11","0","download/article/article_20150209175530.pdf","_blank","2558-02-14",,,NULL,NULL,NULL,NULL,,"2016-10-10",NULL,NULL,NULL,NULL,NULL,"0",,,,NULL,NULL,"1","1","1",,,,"0",NULL,NULL,NULL,NULL
"45","8","2558-01-09","20150209175607","20150209175607","2015-02-09 17:56:07","Banner เชิญตรวจสอบสิทธิ์ประโยชน์ผู้ประกันตน ผ่านบัตรประจำตัวประชาชน (Smart Card)",,,,,,"1","11","0","download/article/article_20150209175607.jpg","_blank","2558-02-14",,,NULL,NULL,NULL,NULL,"Y","2016-10-10",NULL,NULL,NULL,NULL,NULL,"0",,,,NULL,NULL,"1","1","1",,,,"0",NULL,NULL,NULL,NULL
"46","8","2558-01-10","20150209175631","20150209175631","2015-02-09 17:56:31","ผังขั้นตอนการให้บริการผ่านระบบ e-Smart Box สำหรับเคาน์เตอร์บริการประชาชนกระทรวงแรงงาน",,,,,,"1","11","0","download/article/article_20150209175631.jpg","_blank","2558-02-14",,,NULL,NULL,NULL,NULL,"Y","2016-10-10",NULL,NULL,NULL,NULL,NULL,"0",,,,NULL,NULL,"1","1","1",,,,"0",NULL,NULL,NULL,NULL
"47","8","2558-01-11","20150209175651","20150209175651","2015-02-09 17:56:51","ผังขั้นตอนการให้บริการผ่านระบบ e-Smart Box สำหรับศูนย์บริการร่วมกระทรวงแรงงาน",,,,,,"1","11","0","download/article/article_20150209175651.jpg","_blank","2558-02-14",,,NULL,NULL,NULL,NULL,"Y","2016-11-30",NULL,NULL,NULL,NULL,NULL,"0",,,,NULL,NULL,"1","1","1",,,,"0",NULL,NULL,NULL,NULL
"48","8","2558-08-18","20150209175725","20150209175725","2015-11-18 11:30:18","คู่มือการให้บริการผ่านระบบ e-Smart Box",,,,,,"1","11","0","download/article/article_20151118113018.pdf","_blank","2558-02-14",,,NULL,NULL,NULL,NULL,,"2017-09-27",NULL,NULL,NULL,NULL,NULL,"0",,,,NULL,NULL,"1","1","1",,,,"0",NULL,NULL,NULL,NULL
"49","8","2558-09-25","20150209175756","20150209175756","2015-11-18 11:36:32","คู่มือการให้บริการระบบตรวจข้อมูลประกันสังคม ศูนย์บริการร่วมกระทรวงแรงงาน (MOL Smart Service)",,,,,,"1","11","0","download/article/article_20151118113632.pdf","_blank","2558-02-14",,,NULL,NULL,NULL,NULL,,"2017-09-27",NULL,NULL,NULL,NULL,NULL,"0",,,,NULL,NULL,"1","1","1",,,,"0",NULL,NULL,NULL,NULL
"50","5","2557-11-01","20150210094835","20150210094835","2015-02-10 09:48:35","สถานพยาบาลประกันสังคมที่ผู้ประกันตนต้องการเปลี่ยน/เลือก และสามารถรับจำนวนผู้ประกันตน ณ วันที่ 2 ตุลาคม 2557","สถานพยาบาลประกันสังคมที่ผู้ประกันตนต้องการเปลี่ยน/เลือก และสามารถรับจำนวนผู้ประกันตน ณ วันที่ 2 ตุลาคม 2557",,,,,"1","11","0","download/article/article_20150210094835.pdf","_blank","2558-02-15",,,NULL,NULL,NULL,NULL,"Y","2016-08-24",NULL,NULL,NULL,NULL,NULL,"0",,,,NULL,NULL,"1","1","1",,,,"0",NULL,NULL,NULL,NULL
"121","5","2558-03-17","20150408114709","20150408114709","2015-04-09 09:59:00","เพิ่มค่ารักษาให้ลูกจ้างเจ็บป่วยจากการทำงานเบิกได้สูงสุดถึง 1 ล้านบาท",,"ศูนย์สารนิเทศ สายด่วนประกันสังคม โทร.1506 www.sso.go.th",,,,"1","11","0","http://www.sso.go.th/wpr/content.jsp?lang=th&cat=762&id=4320","_blank","2558-04-13","hot.gif",,NULL,NULL,NULL,NULL,"Y","2017-04-03",NULL,NULL,NULL,NULL,NULL,"63",,,,NULL,NULL,"1","1","1","ศูนย์บริการประชาชน",,,"0",NULL,NULL,NULL,NULL
"51","5","2557-10-31","20150210095207","20150210095207","2015-02-10 09:52:07","มูลนิธิส่งเสริมและพัฒนาคนพิการ รับสมัครฝึกอบรมคอมพิวเตอร์ สำหรับคนพิการทางการเคลื่อนไหว","มูลนิธิส่งเสริมและพัฒนาคนพิการ รับสมัครฝึกอบรม คอมพิวเตอร์",,,,,"2","10","0",,"_self","2558-02-15",,,NULL,NULL,NULL,NULL,"Y","2016-08-24",NULL,,,,"1","0",,,,NULL,NULL,"1","1","1",,,,"0",NULL,NULL,NULL,NULL
"52","5","2557-10-28","20150210095609","20150210095609","2015-02-10 09:56:23","สถานพยาบาลประกันสังคมที่ผู้ประกันตนต้องการเปลี่ยน/เลือก และสามารถรับจำนวนผู้ประกันตน ณ วันที่ 8 กันยายน 2557"," สถานพยาบาลประกันสังคมที่ผู้ประกันตนต้องการเปลี่ยน/เลือก และสามารถรับจำนวนผู้ประกันตน ณ วันที่ 8 กันยายน 2557",,,,,"1","11","0","download/article/article_20150210095609.pdf","_blank","2558-02-15",,,NULL,NULL,NULL,NULL,"Y","2016-07-07",NULL,NULL,NULL,NULL,NULL,"0",,,,NULL,NULL,"1","1","1",,,,"0",NULL,NULL,NULL,NULL
"53","5","2557-10-27","20150210100652","20150210100652","2015-02-10 10:06:52","ประกันสังคม เผย ผู้ประกันตนเจ็บป่วยฉุกเฉิน เข้า รพ.ใกล้ที่สุด สามารถรักษาพยาบาลโดยไม่เสียค่าใช้จ่ายแต่อย่างใด","ประกันสังคม เผย ผู้ประกันตนเจ็บป่วยฉุกเฉิน เข้า รพ.ใกล้ที่สุด สามารถรักษาพยาบาลโดยไม่เสียค่าใช้จ่ายแต่อย่างใด",,,,,"2","10","0",,"_self","2558-02-15",,,NULL,NULL,NULL,NULL,"Y","2016-07-07",NULL,,,,"1","0",,,,NULL,NULL,"1","1","1",,,,"0",NULL,NULL,NULL,NULL
"54","5","2557-10-16","20150210102112","20150210102112","2015-02-10 10:21:12","สถานพยาบาลประกันสังคมที่ผู้ประกันตนต้องการเปลี่ยน/เลือกและสามารถรับจานวนผู้ประกันตน ณ วันที่ 1 สิงหาคม 2557","สถานพยาบาลประกันสังคมที่ผู้ประกันตนต้องการเปลี่ยน/เลือกและสามารถรับจานวนผู้ประกันตน ณ วันที่ 1 สิงหาคม 2557",,,,,"1","10","0","http://www.sso.go.th/wpr/content.jsp?lang=th&cat=762&id=4178","_blank","2558-02-15",,,NULL,NULL,NULL,NULL,"Y","2016-07-07",NULL,NULL,NULL,NULL,NULL,"0",,,,NULL,NULL,"1","1","1",,,,"0",NULL,NULL,NULL,NULL
"55","5","2557-10-14","20150210110419","20150210110419","2015-02-10 11:04:19","สำนักงานประกันสังคม เตรียมคืนสิทธิผู้ประกันตน ม.39 ที่ขาดส่งเงินสมทบตามกำหนด","สำนักงานประกันสังคม (สปส.) เตรียมคืนสิทธิให้แก่ผู้ประกันตนมาตรา 39 ที่ขาดส่งเงินสมทบเกิน 3 เดือน หรือภายในระยะเวลา 12 เดือนส่งเงินสมทบไม่ครบ 9 เดือน และถูกตัดสิทธิไปแล้ว ซึ่งขณะนี้อยู่ในระหว่างเสนอคณะรักษาความสงบแห่งชาติเพื่อพิจารณาออกประกาศ",,,,,"2","10","0",,"_self","2558-02-15",,,NULL,NULL,NULL,NULL,"Y","2016-06-20",NULL,,,,"1","0",,,,NULL,NULL,"1","1","1",,,,"0",NULL,NULL,NULL,NULL
"56","5","2557-10-13","20150210111307","20150210111307","2015-02-10 11:13:07","ยอดจดทะเบียนต่างด้าวทะลุ 7.6 แสนราย ย้ำศูนย์วันสต๊อป เปิดถึง 31 ตุลาคมนี้","รองปลัดกระทรวงแรงงาน เปิดเผยตัวเลขการจดทะเบียนแรงงานต่างด้าวทั่วประเทศ (ตั้งแต่ 26 มิ.ย. - 18 ส.ค.57) รวมทั้งสิ้น 767,109 ราย กัมพูชามากสุด 336,952 คน รองลงมาเป็นเมียนมา 302,875 คน และลาว 127,282 คน ตามลำดับ",,,,,"2","10","0",,"_self","2558-02-15",,,NULL,NULL,NULL,NULL,"Y","2016-01-25",NULL,,,,"1","0",,,,NULL,NULL,"1","1","1",,,,"0",NULL,NULL,NULL,NULL
"57","5","2557-10-10","20150210113115","20150210113115","2015-02-10 11:31:15","สถานพยาบาลประกันสังคมที่ผู้ประกันตนต้องการเปลี่ยน/เลือก และสามารถรับจำนวนผู้ประกันตน ณ วันที่ 1 กันยายน 2556","สถานพยาบาลประกันสังคมที่ผู้ประกันตนต้องการเปลี่ยน/เลือก และสามารถรับจำนวนผู้ประกันตน ณ วันที่ 1 กันยายน 2556",,,,,"1","11","0","download/article/article_20150210113115.pdf","_blank","2558-02-15",,,NULL,NULL,NULL,NULL,"Y","2015-10-13",NULL,NULL,NULL,NULL,NULL,"0",,,,NULL,NULL,"1","1","1",,,,"0",NULL,NULL,NULL,NULL
"58","5","2557-10-08","20150210113222","20150210113222","2015-02-10 11:32:22","การปรับปรุงอัตราค่าจ้างรายชั่วโมงสำหรับนักเรียน นิสิต และนักศึกษา","คณะกรรมการค่าจ้าง เห็นชอบให้มีการปรับปรุงอัตราค่าจ้างรายชั่วโมงสำหรับนักเรียน นิสิต และนักศึกษา ตามข้อเสนอของคณะอนุกรรมการวิชาการและกลั่นกรอง",,,,,"2","10","0",,"_self","2558-02-15",,,NULL,NULL,NULL,NULL,"Y","2015-09-25",NULL,,,,"1","0",,,,NULL,NULL,"1","1","1",,,,"0",NULL,NULL,NULL,NULL
"59","5","2557-10-06","20150210114127","20150210114127","2015-02-10 11:41:27","แจ้งผู้ประกันตนที่มีความประสงค์จะเปลี่ยนสถานพยาบาลประจำปี 2556 สามารถยื่นแบบเลือกสถานพยาบาล","สำนักงานประกันสังคม (สปส.) แจ้งผู้ประกันตนที่มีความประสงค์จะเปลี่ยนสถานพยาบาลประจำปี 2556 สามารถยื่นแบบเลือกสถานพยาบาล (สปส.9-02) ได้ตั้งแต่วันที่ 2 มกราคม ถึงวันที่ 29 มีนาคม 2556 แนะผู้ประกันตนเลือกสถานพยาบาลด้วยตนเอง คำนึงถึงความสะดวก พึงพอใจ และความพร้อมของสถานพยาบาลที่ใช้บริการทางการแพทย์",,,,,"2","10","0",,"_self","2558-02-15",,,NULL,NULL,NULL,NULL,"Y","2015-07-09",NULL,,,,"1","0",,,,NULL,NULL,"1","1","1",,,,"0",NULL,NULL,NULL,NULL
"60","5","2557-02-28","20150210115337","20150210115337","2015-02-10 11:53:37","คณะรัฐมนตรีมีมติ เมื่อวันที่ 8 มกราคม 2556 เห็นชอบในหลักการมาตรการการบรรเทาผลกระทบจากการปรับอัตราค่าจ้างขั้นต่ำ","คณะรัฐมนตรีมีมติ เมื่อวันที่ 8 มกราคม 2556 เห็นชอบในหลักการมาตรการการบรรเทาผลกระทบจากการปรับอัตราค่าจ้างขั้นต่ำและเพิ่มขีดความสามารถของผู้ประกอบธุรกิจขนาดกลาง และขนาดเล็ก (SMEs) ตามที่กระทรวงแรงงานเสนอ และให้หน่วยงานที่เกี่ยวข้องรับไปดำเนินการเพื่อให้มีผลในทางปฏิบัติโดยเร็วต่อไป",,,,,"2","10","0",,"_self","2558-02-15",,,NULL,NULL,NULL,NULL,"Y","2015-06-05",NULL,,,,"1","0",,,,NULL,NULL,"1","1","1",,,,"0",NULL,NULL,NULL,NULL
"61","5","2557-02-01","20150210133208","20150210133336","2015-02-10 13:33:57","นายจ้าง จ่ายเงินสมทบกองทุนเงินทดแทนผ่านธนาคาร ไม่เสียค่าธรรมเนียม","สำนักงานประกันสังคม  (สปส.) แจ้ง นายจ้าง ชำระเงินสมทบกองทุนเงินทดแทนผ่านเคาน์เตอร์ธนาคาร (Bill Payment) ของธนาคารกรุงศรีอยุธยา และธนาคารกรุงไทย ไม่เสียค่าธรรมเนียมการชำระเงิน",,,,,"2","10","0",,"_self","2558-02-15",,,NULL,NULL,NULL,NULL,"Y","2015-05-11",NULL,,,,"1","0",,,,NULL,NULL,"1","1","1",,,,"0",NULL,NULL,NULL,NULL
"62","5","2557-01-31","20150210135330","20150210135427","2015-02-10 13:53:30","นโยบายการสร้างความเป็นเอกภาพของระบบการให้บริการ เจ็บป่วยฉุกเฉิน สำหรับประชาชนไทย (สำนักประกันสังคม)","การดำเนินการตามนโยบายเร่งด่วนของรัฐบาล คือ นโยบายการสร้างความเป็นเอกภาพของระบบการให้บริการเจ็บป่วยฉุกเฉินสำหรับประชาชนชาวไทย ซึ่งได้มีการทำความตกลงร่วมกันระหว่าง 3 หน่วยงานไปแล้ว",,,,,"2","10","0",,"_self","2558-02-15",,,NULL,NULL,NULL,NULL,"Y","2015-04-09",NULL,,,,"1","0",,,,NULL,NULL,"1","1","1",,,,"0",NULL,NULL,NULL,NULL
"63","5","2555-02-29","20150210140116","20150210140208","2015-02-10 14:01:16","7/12/54 : โครงการป้องกันและบรรเทาการเลิกจ้าง"," โครงการดังกล่าวเป็นโครงการที่ดำเนินการสำหรับสถานประกอบกิจการที่ไม่เลิกจ้างและยังคงจ่ายค่าจ้างให้ลูกจ้างไม่น้อยกว่าร้อยละ 75 ของค่าจ้างเดิม ",,,,,"2","10","0",,"_self","2558-02-15",,,NULL,NULL,NULL,NULL,"Y","2015-04-08",NULL,,,,"1","0",,,,NULL,NULL,"1","1","1",,,,"0",NULL,NULL,NULL,NULL
"64","5","2555-02-28","20150210140234","20150210140341","2015-02-10 14:02:34","7/12/54 : โครงการเพื่อนช่วยเพื่อน"," เป็นโครงการที่หาตำแหน่งงานรองรับแก่ลูกจ้างที่ได้รับผลกระทบจากอุทกภัยได้เข้าทำงานเป็นการชั่วคราวในสถานประกอบกิจการใกล้เคียง",,,,,"2","10","0",,"_self","2558-02-15",,,NULL,NULL,NULL,NULL,"Y","2015-04-08",NULL,,,,"1","0",,,,NULL,NULL,"1","1","1",,,,"0",NULL,NULL,NULL,NULL
"65","5","2555-02-27","20150210141231","20150210151947","2015-02-10 14:12:31","7/12/54 : อยากทราบเกี่ยวกับโครงการยกระดับฝีมือลูกจ้างที่ประสบอุทกภัยกลับสู่สถานประกอบกิจการ","เป็นโครงการที่จัดขึ้นเพื่อยกระดับฝีมือลูกจ้างภาคอุตสาหกรรม/บริการในพื้นที่ประสบภัย หลักสูตรที่ฝึกอบรม เช่น ภาษาต่างประเทศ คอมพิวเตอร์ เทคนิคการเป็นหัวหน้างาน",,,,,"2","10","0",,"_self","2558-02-15",,,NULL,NULL,NULL,NULL,"Y","2015-04-08",NULL,,,,"1","0",,,,NULL,NULL,"1","1","1",,,,"0",NULL,NULL,NULL,NULL
"66","5","2555-02-26","20150210152138","20150210152449","2015-02-10 15:21:38","7/12/54 : การชำระเงินสมทบของผู้ประกันตนมาตรา 40 กรณีประสบอุทกภัย","เนื่องจากสถานการณ์อุทกภัยครอบคลุมพื้นที่หลายจังหวัด ส่งผลให้ผู้ประกันตนมาตรา ๔๐ จำนวนมากได้รับความเดือดร้อน ไม่สามารถนำส่งเงินสมทบตามเวลาที่กฎหมายกำหนด",,,,,"2","10","0",,"_self","2558-02-15",,,NULL,NULL,NULL,NULL,"Y","2015-02-10",NULL,,,,"1","0",,,,NULL,NULL,"1","1","1",,,,"0",NULL,NULL,NULL,NULL
"67","5","2555-02-25","20150210152559","20150210152634","2015-02-10 15:25:59","7/12/54 : การสมัครมาตรา ๓๙ สำหรับผู้ประกันตนที่ประสบอุทกภัย"," ผู้ที่สิ้นสภาพการเป็นลูกจ้าง และประสงค์จะสมัครเป็นผู้ประกันตนตามมาตรา ๓๙ ต้องยื่นคำขอเป็นผู้ประกันตนตามมาตรา ๓๙ ภายในหกเดือนนับแต่วันสิ้นสุดความเป็นผู้ประกันตน",,,,,"2","10","0",,"_self","2558-02-15",,,NULL,NULL,NULL,NULL,"Y","2015-02-10",NULL,,,,"1","0",,,,NULL,NULL,"1","1","1",,,,"0",NULL,NULL,NULL,NULL
"68","5","2555-02-23","20150210152715","20150210152919","2015-02-10 15:27:15","7/12/54 : สปส. ช่วยเหลือการนำส่งเงินสมทบ มาตรา ๓๓ อย่างไรบ้าง ?","กรณีนายจ้างไม่สามารถประกอบกิจการได้ตามปกติเป็นการชั่วคราว/เลิกกิจการและไม่ได้หยุดกิจการรวมทั้งไม่มีการจ่ายค่าจ้าง สามารถดำเนินการดังนี้",,,,,"2","10","0",,"_self","2558-02-15",,,NULL,NULL,NULL,NULL,"Y","2015-02-10",NULL,,,,"1","0",,,,NULL,NULL,"1","1","1",,,,"0",NULL,NULL,NULL,NULL
"69","5","2555-02-22","20150210153003","20150210153055","2015-02-10 15:30:03","7/12/54 : สวัสดิการเงินกู้ซ่อมแซมที่อยู่อาศัย สถานประกอบการ และการฟื้นฟูกิจการ","  ผู้ประกันตน : สำนักงานประกันสังคมได้ตระหนักถึงความจำเป็นในการบรรเทาความเดือดร้อนของผู้ประกันตนที่ประสบปัญหาอุทกภัย ",,,,,"2","10","0",,"_self","2558-02-15",,,NULL,NULL,NULL,NULL,"Y","2015-02-10",NULL,,,,"1","0",,,,NULL,NULL,"1","1","1",,,,"0",NULL,NULL,NULL,NULL
"70","5","2555-02-21","20150210153657","20150210153756","2015-02-10 15:36:57","7/12/54 : ผู้ประกันตนประสบอุทกภัยไม่สามารถเข้าฟอกไตตามสมุดได้ จะทำอย่างไร?","ปัจจุบันมีเหตุอุทกภัย(น้ำท่วม) ทำให้ผู้ประกันตนไม่สะดวกที่จะเข้าฟอกไตกับสถานพยาบาลตามสมุดคู่มือฟอกไต",,,,,"2","10","0",,"_self","2558-02-15",,,NULL,NULL,NULL,NULL,"Y","2015-02-10",NULL,,,,"1","0",,,,NULL,NULL,"1","1","1",,,,"0",NULL,NULL,NULL,NULL
"71","5","2555-02-20","20150210154222","20150210154222","2015-02-10 15:42:22","7/12/54 : ผู้ประกันตนที่ประสบอุทกภัยไม่สามารถไปรายงานตัวได้ตามวันนัดรายงานตัว จะทำอย่างไร?","ผู้ประกันตนที่ประสบอุทกภัยที่ไม่สามารถไปรายงานตัวกรณีว่างงานตามวันเวลาที่กำหนดได้ ผู้ประกันตน",,,,,"2","10","0",,"_self","2558-02-15",,,NULL,NULL,NULL,NULL,"Y","2015-02-10",NULL,,,,"1","0",,,,NULL,NULL,"1","1","1",,,,"0",NULL,NULL,NULL,NULL
"72","5","2555-02-12","20150210154312","20150210154352","2015-02-10 15:43:12","7/12/54 : สปส. มีนโยบายช่วยเหลือผู้ประกันตนประสบอุทกภัยที่ไม่สามารถเข้าโรงพยาบาลตามบัตรรับรองสิทธิได้","เนื่องจากเกิดปัญหาอุทกภัยในหลายจังหวัด ทำให้ผู้ประกันตนที่ประสบอันตรายหรือเจ็บป่วยไม่สามารถเข้ารับบริการทางการแพทย์",,,,,"2","10","0",,"_self","2558-02-15",,,NULL,NULL,NULL,NULL,"Y","2015-02-10",NULL,,,,"1","0",,,,NULL,NULL,"1","1","1",,,,"0",NULL,NULL,NULL,NULL
"73","5","2555-02-09","20150210154430","20150210154430","2015-02-10 15:44:30","7/12/54 : สปส. มีนโยบายช่วยเหลือผู้ประกันตนที่ประสบอุทกภัยอย่างไรบ้าง","สำนักงานประกันสังคมจัดตั้งศูนย์ช่วยเหลือรับบริจาคสิ่งของ และจัดทีมแนะนำความปลอดภัย มีหน่วยแพทย์เคลื่อนที่ออกให้บริการ",,,,,"2","10","0",,"_self","2558-02-15",,,NULL,NULL,NULL,NULL,"Y","2015-02-10",NULL,,,,"1","0",,,,NULL,NULL,"1","1","1",,,,"0",NULL,NULL,NULL,NULL
"123","5","2558-04-08","20150409085838","20150409085838","2015-04-09 09:58:08","ประกันสังคม  จัดกิจกรรมส่งแรงงานกลับบ้านช่วงวันหยุดยาวสงกรานต์ปี 58 ห่วงใยผู้ประกันตน หากเจ็บป่วยฉุกเฉินเข้ารักษาใน รพ.ที่ใกล้ที่สุดได้ทุกแห่งไม่เสียค่าใช้จ่าย",,"สำนักงานประกันสังคม  กระทรวงแรงงาน",,,,"1","11","0","http://www.sso.go.th/wpr/content.jsp?lang=th&cat=762&id=4343","_blank","2558-04-14","new.gif",,NULL,NULL,NULL,NULL,"Y","2017-06-26",NULL,NULL,NULL,NULL,NULL,"63",,,,NULL,NULL,"1","1","1","ศูนย์บริการประชาชน",,,"0",NULL,NULL,NULL,NULL
"160","5","2558-05-11","20150511085757","20150511085757","2015-06-09 14:46:16","Update รายชื่อสถานพยาบาลที่สามารถรับจำนวนผู้ประกันตน ที่ต้องการเปลี่ยน/เลือก ข้อมูล ณ วันที่ 1 พ.ค. 58",,,"http://www.sso.go.th",,,"1","11","0","http://www.sso.go.th/wpr/uploads/uploadImages/file/filehost_em01052558.pdf","_blank","2558-05-16","new.gif",,NULL,NULL,NULL,NULL,"Y","2017-08-15",NULL,NULL,NULL,NULL,NULL,"63",,,,NULL,NULL,"1","1","1","ศูนย์บริการประชาชน",,,"0",NULL,NULL,NULL,NULL
"128","4","2555-11-30","20150409133648","20150409134812","2015-04-09 13:36:48","การสัมมนาเชิงปฏิบัติการเพื่อยกระดับคุณภาพการให้บริการด้านแรงงาน ณ ศูนย์บริการร่วมกระทรวงแรงงาน สำหรับเจ้าหน้าที่ผู้ให้บริการ วันที่ ๒๒ - ๒๔ พฤศจิกายน ๒๕๕๕ ณ โรงแรมไดมอนด์ ปาร์ค อินน์ รีสอร์ท อำเภอเมือง จังหวัดเชียงราย",,,,,"n20150409_128.jpg","2","6","0",,"_blank","2558-04-14",,,NULL,NULL,NULL,NULL,"Y","2018-03-02",NULL,,,,"1","63",,,,NULL,NULL,"1","1","1","ศูนย์บริการประชาชน",,,"0",NULL,NULL,NULL,NULL
"129","4","2557-02-10","20150409135501","20150409140337","2015-04-09 14:41:11","การสัมมนาเชิงปฏิบัติการเพื่อเพิ่มศักยภาพการให้บริการด้านแรงงาน  ณ ศูนย์บริการร่วมกระทรวงแรงงาน (กิจกรรมที่ 1) สำหรับเจ้าหน้าที่ผู้ให้บริการ วันที่ 3 - 4 ธันวาคม 2556 ณ โรงแรมไฮเรสซิเดนซ์ ดินแดง กรุงเทพมหานคร",,,,,"n20150409_129.jpg","2","6","0",,"_blank","2558-04-14",,,NULL,NULL,NULL,NULL,"Y","2018-03-02",NULL,,,,"1","63",,,,NULL,NULL,"1","1","1","ศูนย์บริการประชาชน",,,"0",NULL,NULL,NULL,NULL
"130","4","2557-04-04","20150409142620","20150409144019","2015-04-09 14:26:20","การประชุมเชิงเชิงปฎิบัติการเพื่อเพิ่มขีดความสามารถการดำเนินงานศูนย์บริการร่วมกระทรวงแรงงาน (กิจกรรมที่ 2) สำหรับแรงงานจังหวัด หรือเจ้าหน้าที่ผู้รับผิดชอบภารกิจศูนย์บริการร่วมฯ วันที่ 26 - 27 มีนาคม 2557 ณ โรงแรมเอ็มทูเดอ บาง กอก สุทธิสาร กรุงเทพฯ",,,,,,"2","6","0",,"_blank","2558-04-14",,,NULL,NULL,NULL,NULL,"Y","2018-03-02",NULL,,,,"1","63",,,,NULL,NULL,"1","1","1","ศูนย์บริการประชาชน",,,"0",NULL,NULL,NULL,NULL
"136","4","2557-11-12","20150410083016","20150410083507","2015-04-10 08:35:38","การประชุมเชิงปฏิบัติการเพื่อเพิ่มคุณภาพการให้บริการประชาชน ณ ศูนย์บริการร่วมฯ กิจกรรมที่ 1  (สำหรับเจ้าหน้าที่ผู้ให้บริการ ณ ศูนย์บริการร่วมฯ) วันที่ 31 ตุลาคม - 1 พฤศจิกายน 2557 ณ โรงแรมเรือนแพ รอยัล ปาร์ค อำเภอเมืองพิษณุโลก จังหวัดพิษณุโลก",,,,,"n20150410_136.jpg","2","6","0",,"_blank","2558-04-15",,,NULL,NULL,NULL,NULL,"Y","2018-03-02",NULL,,,,"1","63",,,,NULL,NULL,"1","1","1","ศูนย์บริการประชาชน",,,"0",NULL,NULL,NULL,NULL
"146","4","2557-11-12","20150410105502","20150410110325","2015-04-10 10:55:02","การประชุมเชิงปฏิบัติการเพื่อเพิ่มคุณภาพการให้บริการประชาชน ณ ศูนย์บริการร่วมฯ และจัดทำยุทธศาสตร์ศูนย์บริการร่วมฯ พ.ศ. 2559 - 2561 กิจกรรมที่ 2 (สำหรับแรงงานจังหวัดหรือผู้ดูแลภารกิจศูนย์บริการร่วมฯ) วันที่ 3 - 5 พฤศจิกายน 2557 ณ โรงแรมเรือนแพ รอยัล ปาร์ค",,,,,"n20150410_146.jpg","2","6","0",,"_blank","2558-04-15",,,NULL,NULL,NULL,NULL,"Y","2018-03-02",NULL,,,,"1","63",,,,NULL,NULL,"1","1","1","ศูนย์บริการประชาชน",,,"0",NULL,NULL,NULL,NULL
"147","4","2558-02-18","20150410135715","20150410140056","2015-04-10 13:57:15","การประชุมเชิงปฏิบัติการ เพื่อจัดทำข้อมูลรองรับการปรับปรุงเว็บไซต์ศูนย์บริการร่วมกระทรวงแรงงาน กิจกรรมที่ 3 วันที่ 14 กุมภาพันธ์ 2558 ณ โรงแรมดวงตะวัน เชียงใหม่ อำเภอเมือง จังหวัดเชียงใหม่",,,,,"n20150410_147.jpg","2","6","0",,"_blank","2558-04-15",,,NULL,NULL,NULL,NULL,"Y","2018-03-02",NULL,,,,"1","63",,,,NULL,NULL,"1","1","1","ศูนย์บริการประชาชน",,,"0",NULL,NULL,NULL,NULL
"148","9","2558-04-01","20150421094347","20150421094530","2015-04-21 10:29:32","ปี 2549 ได้รับรางวัลคุณภาพการให้บริการประชาชน ประจำปี 2549",,,," ปี 2549 ได้รับรางวัลคุณภาพการให้บริการประชาชน ประจำปี 2549 รางวัลอำนวยความสะดวกและตอบสนองความต้องการของประชาชน ","n20150421_148.png","2","6","0",,"_self","2558-04-26",,,NULL,NULL,NULL,NULL,"Y","2016-10-10",NULL,,,,"1","0",,,,NULL,NULL,"1","1",,,,,"0",NULL,NULL,NULL,NULL
"149","9","2558-04-02","20150421095545","20150421095702","2015-04-21 09:55:45","ปี 2550 ได้รับรางวัลมาตรฐานเคาน์เตอร์บริการประชาชน ประจำปี 2550",,,," ปี 2550 ได้รับรางวัลมาตรฐานเคาน์เตอร์บริการประชาชน ประจำปี 2550รางวัลชมเชย ประเภทเสริมสร้างภาพลักษณ์ ของเคาน์เตอร์บริการประชาชนกระทรวงแรงงาน ","n20150421_149.png","2","6","0",,"_self","2558-04-26",,,NULL,NULL,NULL,NULL,"Y","2016-10-10",NULL,,,,"1","0",,,,NULL,NULL,"1","1",,,,,"0",NULL,NULL,NULL,NULL
"150","9","2558-04-03","20150421102548","20150421102638","2015-04-21 10:25:48","ปี 2552 รางวัลมาตรฐานเคาน์เตอร์บริการประชาชน",,,," ปี 2552 รางวัลมาตรฐานเคาน์เตอร์บริการประชาชน รางวัลชมเชย ประเภทการเสริมสร้างภาพลักษณ์ ของเคาน์เตอร์บริการประชาชนกระทรวงแรงงาน และได้ย้ายมาให้บริการ ณ ห้างสรรพสินค้า เทสโก้ โลตัส สาขาปิ่นเกล้า ","n20150421_150.jpg","2","6","0",,"_self","2558-04-26",,,,NULL,NULL,NULL,"D","2015-04-21",NULL,,,,"1","0",,,,"0","20150421105401","1","1",,,,,"0",NULL,NULL,NULL,NULL
"151","9","2558-04-04","20150421103132","20150421103217","2015-04-21 10:31:32","ปี 2552 รางวัลมาตรฐานเคาน์เตอร์บริการประชาชน",,,,"ปี 2552 รางวัลมาตรฐานเคาน์เตอร์บริการประชาชน รางวัลชมเชย ประเภทการเสริมสร้างภาพลักษณ์ ของเคาน์เตอร์บริการประชาชนกระทรวงแรงงาน ณ ห้างสรรพสินค้า เทสโก้ โลตัส สาขาปิ่นเกล้า ","n20150421_151.png","2","6","0",,"_self","2558-04-26",,,NULL,NULL,NULL,NULL,"Y","2016-10-10",NULL,,,,"1","0",,,,NULL,NULL,"1","1",,,,,"0",NULL,NULL,NULL,NULL
"152","9","2558-04-06","20150421103433","20150421103503","2015-04-21 10:41:04","ปี 2554 รางวัลดีเด่น ด้านการบูรณาการ",,,," ปี 2554 รางวัลดีเด่น ด้านการบูรณาการ สำหรับเคาน์เตอร์บริการประชาชน กระทรวงแรงงานจังหวัดนครราชสีมา ","n20150421_152.jpg","2","6","0",,"_self","2558-04-26",,,,NULL,NULL,NULL,"D","2015-04-21",NULL,,,,"1","0",,,,"0","20150421105401","1","1",,,,,"0",NULL,NULL,NULL,NULL
"153","9","2558-04-07","20150421103527","20150421103608","2015-04-21 10:41:13","ปี 2554 รางวัลชมเชย ด้านการบูรณาการ",,,," ปี 2554 รางวัลชมเชย ด้านการบูรณาการ สำหรับเคาน์เตอร์บริการประชาชนกระทรวงแรงงาน ณ ห้างสรรพสินค้า เทสโก้ โลตัส สาขาปิ่นเกล้า ","n20150421_153.png","2","6","0",,"_self","2558-04-26",,,NULL,NULL,NULL,NULL,"Y","2016-10-10",NULL,,,,"1","0",,,,NULL,NULL,"1","1",,,,,"0",NULL,NULL,NULL,NULL
"154","9","2558-04-10","20150421103647","20161007175919","2015-04-21 10:41:19","ปี 2556 รางวัลบริการภารรัฐแห่งชาติ ประจำปี 2556 ระดับดี",,,," ปี 2556 รางวัลบริการภารรัฐแห่งชาติ ประจำปี 2556 ระดับดี ประเภทรางวัลการพัฒนางานบริการที่เป็นเลิศ สำหรับเคาน์เตอร์บริการประชาชนกระทรวงแรงงาน ณ ห้างสรรพสินค้า เทสโก้ โลตัส สาขาปิ่นเกล้า ","n20150421_154.png","2","6","0",,"_self","2558-04-26",,,NULL,NULL,NULL,NULL,"Y","2016-10-10",NULL,,,,"1","0",,,,NULL,NULL,"1","1",,,,,"0",NULL,NULL,NULL,NULL
"155","9","2558-04-05","20150421104205","20150421104244","2015-04-21 10:42:05"," ปี 2552 รางวัลมาตรฐานเคาน์เตอร์บริการประชาชน",,,," ปี 2552 รางวัลมาตรฐานเคาน์เตอร์บริการประชาชน รางวัลชมเชย ประเภทการเสริมสร้างภาพลักษณ์ ของเคาน์เตอร์บริการประชาชนกระทรวงแรงงาน และได้ย้ายมาให้บริการ ณ ห้างสรรพสินค้า เทสโก้ โลตัส สาขาปิ่นเกล้า","n20150421_155.jpg","2","6","0",,"_self","2558-04-26",,,NULL,NULL,NULL,NULL,"Y","2016-10-10",NULL,,,,"1","0",,,,NULL,NULL,"1","1",,,,,"0",NULL,NULL,NULL,NULL
"156","9","2558-04-08","20150421104313","20150421104753","2015-04-21 10:43:13","ปี 2554 รางวัลดีเด่น ด้านการบูรณาการ",,,," ปี 2554 รางวัลดีเด่น ด้านการบูรณาการ สำหรับเคาน์เตอร์บริการประชาชน กระทรวงแรงงานจังหวัดนครราชสีมา","n20150421_156.jpg","2","6","0",,"_self","2558-04-26",,,NULL,NULL,NULL,NULL,"Y","2016-10-10",NULL,,,,"1","0",,,,NULL,NULL,"1","1",,,,,"0",NULL,NULL,NULL,NULL
"157","1","2558-01-02","20150421104843","20150421104843","2015-04-21 10:48:43","เกียรติรางวัล",,,,,,"1","11","0","more_news.php?cid=9","_self","2558-04-26",,,NULL,NULL,NULL,NULL,"Y","2017-06-09",NULL,NULL,NULL,NULL,NULL,"0",,,,NULL,NULL,"1","1","1",,,,"0",NULL,NULL,NULL,NULL
"158","1","2558-04-11","20150423101403","20150423101403","2015-04-23 10:14:03","ข้อมูลทั่วไป",,,,,,"2","10","0",,"_self","2558-04-28",,,,NULL,NULL,NULL,"D","2015-04-23",NULL,,,,"1","63",,,,"63","20150429094137","1","1",,"ศูนย์บริการประชาชน",,,"0",NULL,NULL,NULL,NULL
"161","5","2558-06-02","20150605150212","20150605150212","2015-06-09 14:46:52","Update สถานพยาบาลประกันสังคมที่ผู้ประกันตนต้องการเปลี่ยน/เลือก ณ วันที่ 2 มิถุนายน 2558",,,"http://www.sso.go.th/wpr/uploads/uploadImages/file/filehost_em02062558.pdf",,,"1","11","0","http://www.sso.go.th/wpr/uploads/uploadImages/file/filehost_em02062558.pdf","_blank","2558-06-12","new.gif",,NULL,NULL,NULL,NULL,"Y","2017-10-16",NULL,NULL,NULL,NULL,NULL,"63",,,,NULL,NULL,"1","1","1","ศูนย์บริการประชาชน",,,"0",NULL,NULL,NULL,NULL
"162","5","2558-06-05","20150605162258","20150605162258","2015-06-05 16:22:58","เทส",,,,,,"2","2","0",,"_blank","2558-06-10",,,,NULL,NULL,NULL,"D","2015-06-09",NULL,NULL,NULL,NULL,NULL,"63",,,,"63","20150709134347","1","1","1","ศูนย์บริการประชาชน",,,"0",NULL,NULL,NULL,NULL
"163","10","2558-06-07","20150608092945","20150611121202","2015-06-08 09:39:45","แผนผังขั้นตอนและระยะเวลาการดำเนินการเรื่องราวร้องทุกข์",,,,,,"2","10","0",,"_self","2558-06-13",,,NULL,NULL,NULL,NULL,"Y","2015-06-11",NULL,,,,"1","0",,,,NULL,NULL,"1","1",,,,,"0",NULL,NULL,NULL,NULL
"164","10","2558-06-08","20150608101539","20150608101539","2015-06-11 10:10:19","ผังขั้นตอนและระยะเวลาการให้บริการ ณ เคาน์เตอร์บริการประชาชนกระทรวงแรงงาน กรุงเทพมหานคร สาขาปิ่นเกล้า",,,,,,"1","11","0","download/article/article_20150611101019.jpg","_blank","2558-06-13",,,NULL,NULL,NULL,NULL,,"2015-06-11",NULL,NULL,NULL,NULL,NULL,"0",,,,NULL,NULL,"1","1","1",,,,"0",NULL,NULL,NULL,NULL
"165","10","2558-06-08","20150608101648","20150611092636","2015-06-08 10:16:48","ผังขั้นตอนและระยะเวลาการให้บริการ ณ เคาน์เตอร์บริการประชาชนกระทรวงแรงงาน กรุงเทพมหานคร สาขาปิ่นเกล้า",,,,,,"2","10","0",,"_self","2558-06-13",,,NULL,NULL,NULL,NULL,"Y","2015-06-11",NULL,,,,"1","0",,,,NULL,NULL,"1","1",,,,,"0",NULL,NULL,NULL,NULL
"166","2","2558-01-30","20150608101825","20150608101825","2015-06-08 10:18:25","ผังขั้นตอนการให้บริการ",,,,,,"1","11","0","more_news.php?cid=10","_self","2558-06-13",,,NULL,NULL,NULL,NULL,"Y","2015-06-08",NULL,NULL,NULL,NULL,NULL,"0",,,,NULL,NULL,"1","1","1",,,,"0",NULL,NULL,NULL,NULL
"167","5","2558-07-07","20150709134759","20150709134759","2015-07-09 13:47:59","Update สถานพยาบาลประกันสังคมที่ผู้ประกันตนต้องการเปลี่ยน/เลือก ณ วันที่ 7 กรกฎาคม 2558 ",,,,,,"1","11","0","download/article/article_20150709134759.pdf","_blank","2558-07-14","update.gif",,NULL,NULL,NULL,NULL,"Y","2017-12-06",NULL,NULL,NULL,NULL,NULL,"63",,,,NULL,NULL,"1","1","1","ศูนย์บริการประชาชน",,,"0",NULL,NULL,NULL,NULL
"168","8","2557-10-13","20150710091248","20150710091248","2015-07-10 09:12:48","คู่มือการปฏิบัติงานของเจ้าหน้าที่ศูนย์บริการร่วมกระรวงแรงงาน ประจำปีงบประมาณ พ.ศ. 2558",,,,,,"1","11","0","download/article/article_20150710091248.pdf","_blank","2558-07-15",,,NULL,NULL,NULL,NULL,,"2016-08-18",NULL,NULL,NULL,NULL,NULL,"63",,,,NULL,NULL,"1","1","1","ศูนย์บริการประชาชน",,,"0",NULL,NULL,NULL,NULL
"169","8","2558-08-11","20150811203743","20150811203743","2015-08-11 20:37:43","test",,,,,,"2","10","0",,"_blank","2558-08-16",,,NULL,NULL,NULL,NULL,,"2017-09-27",NULL,NULL,NULL,NULL,NULL,"0",,,,NULL,NULL,"1","1","1",,,,"0",NULL,NULL,NULL,NULL
"170","5","2558-09-25","20150925144328","20150925144328","2015-09-25 14:43:28","ช่องทางการชำระเงินสมทบและขอรับสิทธิประโยชน์กองทุนประกันสังคมและกองทุนเงินทดแทน",,,,,,"1","11","0","download/article/article_20150925144328.pdf","_blank","2558-09-30","new.gif",,NULL,NULL,NULL,NULL,"Y","2017-12-06",NULL,NULL,NULL,NULL,NULL,"63",,,,NULL,NULL,"1","1","1","ศูนย์บริการประชาชน",,,"0",NULL,NULL,NULL,NULL
"171","5","2558-10-13","20151013153116","20151013153116","2015-10-13 15:31:22","พ.ร.บ. ประกันสังคมเพิ่มสิทธิประโยชน์ให้กับผู้ประกันตนมากยิ่งขึ้นมีผลบังคับใช้วันที่ 20 ตุลาคม 2558",,,,,,"1","11","0","download/article/article_20151013153116.pdf","_blank","2558-10-18","new.gif",,NULL,NULL,NULL,NULL,"Y","2017-12-06",NULL,NULL,NULL,NULL,NULL,"63",,,,NULL,NULL,"1","1","1","ศูนย์บริการประชาชน",,,"0",NULL,NULL,NULL,NULL
"172","8","2558-09-30","20151118111113","20151118111113","2015-11-18 11:15:03","แบบ Check List เพื่อการพัฒนาศูนย์บริการร่วมกระทรวงแรงงาน (ศบร. 13)",,,,,,"1","11","0","download/article/article_20151118111503.doc","_blank","2558-11-23",,,,NULL,NULL,NULL,"D","2015-11-18",NULL,NULL,NULL,NULL,NULL,"63",,,,"63","20151118111713","1","1","1","ศูนย์บริการประชาชน",,,"0",NULL,NULL,NULL,NULL
"173","8","2558-09-30","20151118111741","20151118111741","2015-11-18 11:17:41","แบบ Check List เพื่อการพัฒนาศูนย์บริการร่วมกระทรวงแรงงาน (ศบร. 13) ",,,,,,"1","11","0","download/article/article_20151118111741.doc","_blank","2558-11-23",,,NULL,NULL,NULL,NULL,,"2017-09-27",NULL,NULL,NULL,NULL,NULL,"63",,,,NULL,NULL,"1","1","1","ศูนย์บริการประชาชน",,,"0",NULL,NULL,NULL,NULL
"174","8","2558-09-30","20151118115404","20151118115404","2015-11-18 11:54:04","แบบฟอร์มสำรวจความคิดเห็นความต้องการของผู้ใช้บริการ (ศบร.01)	",,,,,,"1","11","0","download/article/article_20151118115404.doc","_blank","2558-11-23",,,NULL,NULL,NULL,NULL,,"2017-09-27",NULL,NULL,NULL,NULL,NULL,"63",,,,NULL,NULL,"1","1","1","ศูนย์บริการประชาชน",,,"0",NULL,NULL,NULL,NULL
"175","5","2559-01-19","20160125095704","20160125095704","2016-01-25 10:09:19","สมัครงานง่าย ๆ เพียงใช้บัตรประชาชนใบเดียวที่ศูนย์บริการจัดหางานเพื่อคนไทย (Smart Job Center)",,"www.doe.go.th",,,,"1","11","0","download/article/article_20160125100919.pdf","_blank","2559-01-30","hot.gif",,NULL,NULL,NULL,NULL,"Y","2017-12-06",NULL,NULL,NULL,NULL,NULL,"63",,,,NULL,NULL,"1","1","1","ศูนย์บริการประชาชน",,,"0",NULL,NULL,NULL,NULL
"176","4","2558-12-25","20160125102148","20160125102305","2016-01-25 10:21:48","โครงการสัมมนาเชิงปฏิบัติการเพื่อพัฒนาคุณภาพและศักยภาพการให้บริการประชาชน ณ ศูนย์บริการร่วมกระทรวงแรงงาน กิจกรรมที่ ๒ : การสัมมนาเชิงปฏิบัติการเพื่อพัฒนาคุณภาพและศักยภาพการให้บริการประชาชน ณ ศูนย์บริการร่วมกระทรวงแรงงาน (สำหรับแรงงานจังหวัดหรือผู้ดูแลภารกิ",,,,,,"3","11","0",,"_blank","2559-01-30",,,NULL,NULL,NULL,NULL,"D",,NULL,,,,"1","63",,,,NULL,NULL,"1","1","1","ศูนย์บริการประชาชน",,,"0",NULL,NULL,NULL,NULL
"177","4","2558-12-04","20160125103416","20160125110753","2016-01-25 11:12:00","โครงการสัมมนาเพื่อพัฒนาคุณภาพและศักยภาพการให้บริการประชาชน ณ ศูนย์บริการร่วมกระทรวงแรงงาน กิจกรรมที่ 1 (สำหรับเจ้าหน้าที่ผู้ให้บริการ ณ ศูนย์บริการร่วมกระทรวงแรงงาน)","โครงการสัมมนาเพื่อพัฒนาคุณภาพและศักยภาพการให้บริการประชาชน ณ ศูนย์บริการร่วมกระทรวงแรงงาน
กิจกรรมที่ 1 การสัมมนาเชิงปฏิบัติการเพื่อพัฒนาคุณภาพและศักยภาพการให้บริการประชาชน ณ ศูนย์บริการร่วมกระทรวงแรงงาน (สำหรับเจ้าหน้าที่ผู้ให้บริการ ณ ศูนย์บริการร่วมกระทรวงแรงงาน)
เมื่อวันที่ 30 พฤศจิกายน - 1 ธันวาคม 2558 ณ ชลพฤกษ์ รีสอร์ท อำเภอบ้านนา จังหวัดนครนายก
",,,"นายสุรเดช วลีอิทธิกุล รองปลัดกระทรวงแรงงาน เป็นประธานในพิธีนางลักขณา บุญสนอง ผู้อำนวยการสำนักตรวจและประเมินผล ผู้กล่าวรายงานวิทยากรบรรยาย ดร.ชุมพล บุญมี อาจารย์ประจำภาควิชาวิศวกรรมศาสตร์ คณะวิศวกรรมศาสตร์ มหาวิทยาลัยธรรมศาสตร์วิทยากรบรรยาย นายชัยณรงค์ มะเดื่อ นักวิชาการแรงงานชำนาญการ ศูนย์พัฒนาฝีมือแรงงานจังหวัดปราจีนบุรีนางสาวปาริชาติ สวนใจ ผู้อำนวยการศูนย์บริการประชาชนกระทรวงแรงงาน และคณะ","n20160125_177.jpg","2","9","0",,"_blank","2558-12-25",,,NULL,NULL,NULL,NULL,"Y","2018-03-02",NULL,,,,"1","63",,,,NULL,NULL,"1","1","1","ศูนย์บริการประชาชน",,,"0",NULL,NULL,NULL,NULL
"178","4","2558-12-25","20160125113212","20160125115151","2016-01-25 11:32:12","โครงการสัมมนาเพื่อพัฒนาคุณภาพและศักยภาพการให้บริการประชาชน ณ ศูนย์บริการร่วมกระทรวงแรงงาน กิจกรรมที่ 2 (สำหรับแรงงานจังหวัดหรือผู้ดูแลภารกิจศูนย์บริการร่วมกระทรวงแรงงาน)",,,,"นางลักขณา บุญสนอง ผู้อำนวยการสำนักตรวจและประเมินผล และนางสาวปาริชาติ สวนใจ ผู้อำนวยการศูนย์บริการประชาชนกระทรวงแรงงาน ชี้แจ้งผลการดำเนินงาน ปีงบประมาณ พ.ศ. 2558วิทยากรบรรยาย ดร.จักษ์ พันธ์ชูเพชร รองศาสตราจารย์ภาควิชารัฐศาสตร์ และ รัฐประศาสนศาสตร์ มหาวิทยาลัยนเรศวร จังหวัดพิษณุโลก","n20160125_178.jpg","2","9","0",,"_blank","2559-01-30",,,NULL,NULL,NULL,NULL,"Y","2018-03-02",NULL,,,,"1","63",,,,NULL,NULL,"1","1","1","ศูนย์บริการประชาชน",,,"0",NULL,NULL,NULL,NULL
"179","4","2559-03-28","20160408111513","20160408111705","2016-04-08 11:15:13","โครงการสัมมนาเชิงปฏิบัติการเพื่อพัฒนาคุณภาพและศักยภาพการให้บริการประชาชน ณ ศูนย์บริการร่วมกระทรวงแรงงาน กิจกรรมที่ ๓ : การสัมมนาเชิงปฏิบัติการเพื่อจัดเตรียมข้อมูลสนับสนุนการให้บริการประชาชน ณ ศูนย์บริการร่วมกระทรวงแรงงาน วันที่ 23 มีนาคม ๒๕๕๙ ณ ห้องดินแดง",,,,,,"3","11","0",,"_blank","2559-04-13",,,,NULL,NULL,NULL,"D",,NULL,,,,"1","63",,,,"63","20160408111837","1","1","1","ศูนย์บริการประชาชน",,,"0",NULL,NULL,NULL,NULL
"180","4","2559-04-08","20160408111939","20160408113110","2017-01-12 16:41:00","โครงการสัมมนาเพื่อพัฒนาคุณภาพและศักยภาพการให้บริการประชาชน ณ ศูนย์บริการร่วมกระทรวงแรงงาน กิจกรรมที่ ๓ : การสัมมนาเชิงปฏิบัติการเพื่อจัดเตรียมข้อมูลสนับสนุนการให้บริการประชาชน ณ ศูนย์บริการร่วมกระทรวงแรงงาน วันที่ 23 มีนาคม ๒๕๕๙ ณ ห้องดินแดง",,,,,"n20160408_180.jpg","2","9","0",,"_blank","2559-04-13",,,NULL,NULL,NULL,NULL,"Y","2018-03-02",NULL,,,,"1","63",,,,NULL,NULL,"1","1","1","ศูนย์บริการประชาชน",,,"0",NULL,NULL,NULL,NULL
"181","5","2559-06-09","20160620120822","20160620120822","2016-06-20 12:08:22","ประกาศคณะกรมการค่าจ้าง เรื่อง อัตราค่าจ้างตามมาตรฐานฝีมือ (ฉบับที่ 4)",,,,,,"1","11","0","download/article/article_20160620120822.pdf","_blank","2559-06-25",,,NULL,NULL,NULL,NULL,"Y","2017-12-06",NULL,NULL,NULL,NULL,NULL,"63",,,,NULL,NULL,"1","1","1","ศูนย์บริการประชาชน",,,"0",NULL,NULL,NULL,NULL
"182","5","2559-06-23","20160707150112","20160707150112","2016-07-07 15:01:12","ผู้ประกันตนว่างงานขึ้นทะเบียนพร้อมรายงานตัวผ่านระบบอินเตอร์เน็ตได้แล้ว ",,,,,,"1","11","0","http://www.sso.go.th/wpr/content.jsp?lang=th&cat=762&id=4623","_blank","2559-07-12",,,NULL,NULL,NULL,NULL,"Y","2017-12-06",NULL,NULL,NULL,NULL,NULL,"63",,,,NULL,NULL,"1","1","1","ศูนย์บริการประชาชน",,,"0",NULL,NULL,NULL,NULL
"183","5","2559-06-27","20160707150240","20160707150240","2016-07-07 15:02:40","การรับชำระเงินสมทบกองทุนประกันสังคม เพื่อเข้าสู่ระบบการชำระเงินแบบอิเล็กทรอนิกส์ ",,,,,,"1","11","0","http://www.sso.go.th/wpr/content.jsp?lang=th&cat=762&id=4626","_blank","2559-07-12",,,NULL,NULL,NULL,NULL,"Y","2017-12-06",NULL,NULL,NULL,NULL,NULL,"63",,,,NULL,NULL,"1","1","1","ศูนย์บริการประชาชน",,,"0",NULL,NULL,NULL,NULL
"184","5","2559-07-01","20160707150412","20160707150412","2016-07-07 15:04:12","Update รายชื่อสถานพยาบาลที่สามารถรับจำนวนผปต. ที่ต้องการเปลี่ยน/เลือก ข้อมูล ณ วันที่ 1 ก.ค. 59 ",,,,,,"1","11","0","download/article/article_20160707150412.pdf","_blank","2559-07-12",,,NULL,NULL,NULL,NULL,"Y","2017-12-06",NULL,NULL,NULL,NULL,NULL,"63",,,,NULL,NULL,"1","1","1","ศูนย์บริการประชาชน",,,"0",NULL,NULL,NULL,NULL
"185","8","2558-09-21","20160806180049","20160806180049","2016-08-06 18:15:18","คู่มือการปฏิบัติงานของเจ้าหน้าที่ศูนย์บริการร่วมกระรวงแรงงาน ประจำปีงบประมาณ พ.ศ. 2559",,,,,,"1","11","0","download/article/article_20160806180049.pdf","_blank","2559-08-11",,,NULL,NULL,NULL,NULL,,"2017-09-27",NULL,NULL,NULL,NULL,NULL,"63",,,,NULL,NULL,"1","1","1","ศูนย์บริการประชาชน",,,"0",NULL,NULL,NULL,NULL
"186","8","2558-02-09","20160806181243","20160806181243","2016-08-06 18:14:41","คู่มือการให้บริการผ่านระบบ e-Smart Box ",,,,,,"1","11","0","download/article/article_20160806181243.pdf","_blank","2559-08-11",,,NULL,NULL,NULL,NULL,"Y","2017-09-27",NULL,NULL,NULL,NULL,NULL,"63",,,,NULL,NULL,"1","1","1","ศูนย์บริการประชาชน",,,"0",NULL,NULL,NULL,NULL
"187","8","2559-08-18","20160818142354","20160818142354","2016-08-18 14:23:54","แบบฟอร์มสำรวจความคิดเห็นความต้องการของผู้ใช้บริการ (ศบร.01) ",,,,,,"1","11","0","download/article/article_20160818142354.doc","_blank","2559-08-23",,,,NULL,NULL,NULL,"D","2016-08-18",NULL,NULL,NULL,NULL,NULL,"63",,,,"63","20160818143447","1","1","1","ศูนย์บริการประชาชน",,"3","0",NULL,NULL,NULL,NULL
"188","8","2559-08-18","20160818143621","20160818143621","2016-10-12 09:30:37","แบบฟอร์มสำรวจความคิดเห็นความต้องการของผู้ใช้บริการ (ศบร.01) ",,,,,,"1","11","0","download/article/article_20160818143621.doc","_blank","2559-08-23","new.gif",,NULL,NULL,NULL,NULL,"Y","2017-09-27",NULL,NULL,NULL,NULL,NULL,"63",,,,NULL,NULL,"1","1","1","ศูนย์บริการประชาชน",,,"0",NULL,NULL,NULL,NULL
"189","5","2559-08-02","20160824093412","20160824093412","2016-08-24 09:34:12","Update รายชื่อสถานพยาบาลที่สามารถรับจำนวนผปต. ที่ต้องการเปลี่ยน/เลือก ข้อมูล ณ วันที่ 1 ส.ค. 59 ",,,,,,"1","11","0","download/article/article_20160824093412.pdf","_blank","2559-08-29",,,NULL,NULL,NULL,NULL,"Y","2017-12-06",NULL,NULL,NULL,NULL,NULL,"63",,,,NULL,NULL,"1","1","1","ศูนย์บริการประชาชน",,,"0",NULL,NULL,NULL,NULL
"190","5","2559-08-11","20160824093741","20160824093741","2016-08-24 09:37:41","ผู้ประกันตน รับสิทธิอีกแล้วจ้า ทำฟัน 600 บาท/ปีเป็น 900 บาท/ปี พร้อมขยายสิทธิผู้ทุพพลภาพได้รับสิทธิตลอดชีวิต",,,"http://www.sso.go.th",,,"2","10","0",,"_blank","2559-08-29",,,NULL,NULL,NULL,NULL,"Y","2017-12-06",NULL,,,,"1","63",,,,NULL,NULL,"1","1","1","ศูนย์บริการประชาชน",,,"0",NULL,NULL,NULL,NULL
"191","8","2559-10-07","20161007164719","20161007164719","2016-11-30 19:26:05","แบบฟอร์มรายงานการใช้จ่ายเงินในการดำเนินงานศูนย์บริการร่วมกระทรวงแรงงาน (ศบร.05) ",,,,,,"1","11","0","download/article/article_20161130192508.xlsx","_blank","2559-10-12",,,NULL,NULL,NULL,NULL,"Y","2017-09-27",NULL,NULL,NULL,NULL,NULL,"63",,,,NULL,NULL,"1","1","1","ศูนย์บริการประชาชน",,,"0",NULL,NULL,NULL,NULL
"192","8","2559-10-07","20161007165007","20161007165007","2016-10-12 09:30:43","แบบฟอร์มรายงานผลการดำเนินงานศูนย์บริการร่วมกระทรวงแรงงานประจำเดือน แบบ ศบร.06/1 และ 06/2",,,,,,"1","11","0","download/article/article_20161007165007.xlsx","_blank","2559-10-12",,,,NULL,NULL,NULL,"D","2016-10-12",NULL,NULL,NULL,NULL,NULL,"63",,,,"63","20161012101231","1","1","1","ศูนย์บริการประชาชน",,,"0",NULL,NULL,NULL,NULL
"193","8","2559-10-07","20161007165205","20161007165205","2016-10-12 09:30:24","แบบ Check List เพื่อการพัฒนาศูนย์บริการร่วมกระทรวงแรงงาน (ศบร. 07) ",,,,,,"1","11","0","download/article/article_20161007165205.doc","_blank","2559-10-12",,,NULL,NULL,NULL,NULL,"Y","2017-09-27",NULL,NULL,NULL,NULL,NULL,"63",,,,NULL,NULL,"1","1","1","ศูนย์บริการประชาชน",,,"0",NULL,NULL,NULL,NULL
"194","9","2559-10-07","20161007173932","20161007173932","2016-10-07 17:41:23","ปี 2559 รางวัลศูนย์ราชการสะดวก (Government Easy Countact Center : GECC)",,,,,"n20161007_194.jpg","1","11","0","download/article/article_20161007173932.jpg","_self","2559-10-12",,,,NULL,NULL,NULL,"D","2016-10-07",NULL,NULL,NULL,NULL,NULL,"63",,,,"63","20161007174247","1","1","1","ศูนย์บริการประชาชน",,,"0",NULL,NULL,NULL,NULL
"195","9","2559-10-07","20161007174410","20161010093254","2016-10-10 09:33:34","ปี 2559 รางวัลศูนย์ราชการสะดวก (Government Easy Contact Center : GECC)",,,,"ปี 2559 รางวัลศูนย์ราชการสะดวก(Government Easy Contact Center : GECC)สำหรับเคาน์เตอร์บริการประชาชนกระทรวงแรงงาน ณ ห้างสรรพสินค้า เทสโก้ โลตัส สาขาปิ่นเกล้า ","n20161007_195.jpg","2","9","0",,"_self","2559-10-12",,,NULL,NULL,NULL,NULL,"Y","2016-10-10",NULL,,,,"1","63",,,,NULL,NULL,"1","1",,"ศูนย์บริการประชาชน",,,"0",NULL,NULL,NULL,NULL
"196","9","2559-10-07","20161007180307","20161007180307","2016-10-07 18:03:07","ปี 2559 รางวัลศูนย์ราชการสะดวก",,,,,,"3","11","0",,"_blank","2559-10-12",,,,NULL,NULL,NULL,"D",,NULL,NULL,NULL,NULL,NULL,"63",,,,"63","20161007180335","1","1","1","ศูนย์บริการประชาชน",,,"0",NULL,NULL,NULL,NULL
"197","9","2559-10-07","20161007180409","20161007180409","2016-10-07 18:04:09"," ปี 2559 รางวัลศูนย์ราชการสะดวก (Government Easy Countact Center : GECC) ",,,,,"n20161007_197.jpg","3","11","0",,"_self","2559-10-12",,,,NULL,NULL,NULL,"D",,NULL,NULL,NULL,NULL,NULL,"63",,,,"63","20161007180426","1","1","1","ศูนย์บริการประชาชน",,,"0",NULL,NULL,NULL,NULL
"198","9","2559-10-07","20161007180556","20161007180905","2016-10-07 18:05:56"," ปี 2559 รางวัลศูนย์ราชการสะดวก (Government Easy Countact Center : GECC) ",,,,,"n20161007_198.jpg","2","9","0",,"_self","2559-10-12",,,NULL,NULL,NULL,NULL,"D",,NULL,,,,"1","63",,,,NULL,NULL,"1","1","1","ศูนย์บริการประชาชน",,,"0",NULL,NULL,NULL,NULL
"199","8","2559-10-10","20161010101000","20161010101000","2016-10-12 09:30:17","แบบฟอร์มการจัดทำแผนปฏิบัติงาน ประจำปีงบประมาณ (ศบร.02) ",,,,,,"1","11","0","download/article/article_20161010101000.doc","_blank","2559-10-15",,,NULL,NULL,NULL,NULL,"Y","2017-09-27",NULL,NULL,NULL,NULL,NULL,"63",,,,NULL,NULL,"1","1","1","ศูนย์บริการประชาชน",,,"0",NULL,NULL,NULL,NULL
"200","8","2559-10-10","20161010101032","20161010101032","2016-10-12 09:30:11","แบบฟอร์มการจัดทำแผนเป้าหมายประจำปีงบประมาณ (ศบร.04) ",,,,,,"1","11","0","download/article/article_20161010101032.doc","_blank","2559-10-15",,,NULL,NULL,NULL,NULL,"Y","2017-09-27",NULL,NULL,NULL,NULL,NULL,"63",,,,NULL,NULL,"1","1","1","ศูนย์บริการประชาชน",,,"0",NULL,NULL,NULL,NULL
"201","8","2559-10-10","20161010125123","20161010125123","2016-10-10 12:51:23","คู่มือการปฏิบัติงานของเจ้าหน้าที่ศูนย์บริการร่วมกระรวงแรงงาน ประจำปีงบประมาณ พ.ศ. 2560",,,,,,"1","11","0","download/article/article_20161010125123.pdf","_blank","2559-10-15",,,,NULL,NULL,NULL,"D","2016-10-10",NULL,NULL,NULL,NULL,NULL,"63",,,,"63","20161012092837","1","1","1","ศูนย์บริการประชาชน",,"3","0",NULL,NULL,NULL,NULL
"202","8","2559-10-10","20161010151941","20161010151941","2016-10-12 09:30:03","คู่มือการใช้งานโทรศัพท์ IP Phone และ IP Video Phone",,,,,,"1","11","0","download/article/article_20161010151941.pdf","_blank","2559-10-15",,,NULL,NULL,NULL,NULL,"Y","2017-09-27",NULL,NULL,NULL,NULL,NULL,"63",,,,NULL,NULL,"1","1","1","ศูนย์บริการประชาชน",,,"0",NULL,NULL,NULL,NULL
"203","8","2559-10-12","20161012092927","20161012092927","2017-02-15 10:41:31"," คู่มือการปฏิบัติงานของเจ้าหน้าที่ศูนย์บริการร่วมกระรวงแรงงาน ประจำปีงบประมาณ พ.ศ. 2560 ",,,,,,"1","11","0","download/article/article_20170215104131.pdf","_blank","2559-10-17",,,NULL,NULL,NULL,NULL,,"2017-09-27",NULL,NULL,NULL,NULL,NULL,"63",,,,NULL,NULL,"1","1","1","ศูนย์บริการประชาชน",,,"0",NULL,NULL,NULL,NULL
"204","8","2559-10-12","20161012101258","20161012101258","2016-11-30 19:28:07","แบบฟอร์มรายงานผลการดำเนินงานศูนย์บริการร่วมกระทรวงแรงงานประจำเดือน แบบ ศบร.06/1 และ 06/2 ",,,,,,"1","11","0","download/article/article_20161130192807.xlsx","_blank","2559-10-17",,,NULL,NULL,NULL,NULL,"Y","2017-09-27",NULL,NULL,NULL,NULL,NULL,"63",,,,NULL,NULL,"1","1","1","ศูนย์บริการประชาชน",,,"0",NULL,NULL,NULL,NULL
"205","5","2559-10-10","20161013163628","20161013163628","2016-10-13 16:36:28","Update รายชื่อสถานพยาบาลที่สามารถรับจำนวนผปต. ที่ต้องการเปลี่ยน/เลือก ข้อมูล ณ วันที่ 10 ต.ค. 59 ",,,,,,"1","11","0","download/article/article_20161013163628.pdf","_blank","2559-10-18",,,NULL,NULL,NULL,NULL,"Y","2017-12-06",NULL,NULL,NULL,NULL,NULL,"63",,,,NULL,NULL,"1","1","1","ศูนย์บริการประชาชน",,,"0",NULL,NULL,NULL,NULL
"206","5","2559-12-02","20161206140434","20161206140434","2016-12-06 14:04:34","Update รายชื่อสถานพยาบาลที่สามารถรับจำนวนผปต. ที่ต้องการเปลี่ยน/เลือก ข้อมูล ณ วันที่ 2 ธ.ค. 59",,,,,,"1","11","0","download/article/article_20161206140434.pdf","_blank","2559-12-11",,,NULL,NULL,NULL,NULL,"Y","2017-12-06",NULL,NULL,NULL,NULL,NULL,"63",,,,NULL,NULL,"1","1","1","ศูนย์บริการประชาชน",,,"0",NULL,NULL,NULL,NULL
"207","8","2560-01-18","20170118174416","20170118174416","2017-01-18 17:44:16","คู่มือการให้บริการระบบตรวจข้อมูลประกันสังคม ศูนย์บริการร่วมกระทรวงแรงงาน (MOL Smart Service) ",,,,,,"1","11","0","download/article/article_20170118174416.pdf","_blank","2560-01-23",,,NULL,NULL,NULL,NULL,"Y","2017-09-27",NULL,NULL,NULL,NULL,NULL,"63",,,,NULL,NULL,"1","1","1","ศูนย์บริการประชาชน",,,"0",NULL,NULL,NULL,NULL
"208","4","2559-11-30","20170207143958","20170207143958","2017-02-07 14:39:58","โครงการสัมมนาเชิงปฏิบัติการเพื่อเสริมสร้างและพัฒนาการให้บริการศูนย์บริการร่วมกระทรวงแรงงาน กิจกรรมที่ 1 (สำหรับหน่วยงานพี่เลี้ยงศูนย์บริการร่วมกระทรวงแรงงาน) วันที่ 21 - 22 พฤศจิกายน 2559 ณ โรงแรมเจ้าพระยาปาร์ค ถนนรัชดาภิเษก จังหวัดกรุงเทพมหานคร ",,,,,"n20170207_208.jpg","3","11","0",,"_blank","2560-02-12",,,,NULL,NULL,NULL,"D",,NULL,NULL,NULL,NULL,NULL,"63",,,,"63","20170207162915","1","1","1","ศูนย์บริการประชาชน",,,"0",NULL,NULL,NULL,NULL
"209","4","2559-11-30","20170207163146","20170207163502","2017-02-07 16:31:46","โครงการสัมมนาเชิงปฏิบัติการเพื่อเสริมสร้างและพัฒนาการให้บริการศูนย์บริการร่วมกระทรวงแรงงาน กิจกรรมที่ 1 (สำหรับหน่วยงานพี่เลี้ยงศูนย์บริการร่วมกระทรวงแรงงาน) วันที่ 21 - 22 พฤศจิกายน 2559 ณ โรงแรมเจ้าพระยาปาร์ค ถนนรัชดาภิเษก จังหวัดกรุงเทพมหานคร",,,,,"n20170207_209.jpg","2","9","0",,"_blank","2560-02-12",,,NULL,NULL,NULL,NULL,"Y","2018-03-02",NULL,,,,"1","63",,,,NULL,NULL,"1","1","1","ศูนย์บริการประชาชน",,,"0",NULL,NULL,NULL,NULL
"210","4","2559-11-30","20170207163710","20170207164006","2017-02-07 16:37:10","โครงการสัมมนาเชิงปฏิบัติการเพื่อเสริมสร้างและพัฒนาการให้บริการศูนย์บริการร่วมกระทรวงแรงงาน กิจกรรมที่ 2 (สำหรับเจ้าหน้าที่ศูนย์บริการร่วมกระทรวงแรงงาน) วันที่ 23 - 25 พฤศจิกายน 2559 ณ โรงแรมเดอะรีเจ้นท์ ชะอำ บีช รีสอร์ท จังหวัดเพชรบุรี",,,,,"n20170207_210.jpg","2","9","0",,"_blank","2560-02-12",,,NULL,NULL,NULL,NULL,"Y","2018-03-02",NULL,,,,"1","63",,,,NULL,NULL,"1","1","1","ศูนย์บริการประชาชน",,,"0",NULL,NULL,NULL,NULL
"211","5","2560-02-02","20170214171345","20170214171345","2017-02-14 17:13:45"," Update รายชื่อสถานพยาบาลที่สามารถรับจำนวนผปต. ที่ต้องการเปลี่ยน/เลือก ข้อมูล ณ วันที่ 2 ก.พ. 60",,,,,,"1","11","0","download/article/article_20170214171345.pdf","_blank","2560-02-19",,,NULL,NULL,NULL,NULL,"Y","2017-12-06",NULL,NULL,NULL,NULL,NULL,"63",,,,NULL,NULL,"1","1","1","ศูนย์บริการประชาชน",,,"0",NULL,NULL,NULL,NULL
"212","5","2560-03-03","20170303095908","20170303095908","2017-03-03 09:59:08","Update รายชื่อสถานพยาบาลที่สามารถรับจำนวนผปต. ที่ต้องการเปลี่ยน/เลือก ข้อมูล ณ วันที่ 2 มี.ค 60 ",,,,,,"1","11","0","download/article/article_20170303095908.pdf","_blank","2560-03-08",,,NULL,NULL,NULL,NULL,"Y","2017-12-06",NULL,NULL,NULL,NULL,NULL,"63",,,,NULL,NULL,"1","1","1","ศูนย์บริการประชาชน",,,"0",NULL,NULL,NULL,NULL
"213","5","2560-04-03","20170403183034","20170403183034","2017-04-03 18:30:34","Update รายชื่อสถานพยาบาลที่สามารถรับจำนวนผปต. ที่ต้องการเปลี่ยน/เลือก ข้อมูล ณ วันที่ 3 เม.ย. 60 ",,,,,,"1","11","0","download/article/article_20170403183034.pdf","_blank","2560-04-08",,,NULL,NULL,NULL,NULL,"Y","2017-12-06",NULL,NULL,NULL,NULL,NULL,"63",,,,NULL,NULL,"1","1","1","ศูนย์บริการประชาชน",,,"0",NULL,NULL,NULL,NULL
"216","5","2560-04-05","20170626110944","20170626110944","2017-06-26 11:09:44","รายชื่อสถานพยาบาลที่ทำข้อตกลงในการให้บริการทางการแพทย์กรณีทันตกรรมแก่ผู้ประกันตน ณ เดือนเมษายน 2560",,,,,,"1","11","0","download/article/article_20170626110944.pdf","_blank","2560-07-01",,,NULL,NULL,NULL,NULL,"Y","2017-12-06",NULL,NULL,NULL,NULL,NULL,"63",,,,NULL,NULL,"1","1","1","ศูนย์บริการประชาชน",,,"0",NULL,NULL,NULL,NULL
"215","5","2560-05-01","20170607084556","20170607084556","2017-06-07 08:46:43","สรุปผลการรับเรื่องร้องทุกข์/ร้องเรียน ปีงบประมาณ พ.ศ. 2560 (ตุลาคม 59 - เมษายน 60)",,,,,,"1","11","0","download/article/article_20170607084556.pdf","_blank","2560-06-12",,,NULL,NULL,NULL,NULL,"Y","2017-12-06",NULL,NULL,NULL,NULL,NULL,"63",,,,NULL,NULL,"1","1","1","ศูนย์บริการประชาชน",,,"0",NULL,NULL,NULL,NULL
"217","5","2560-08-03","20170815114208","20170815114208","2017-08-15 11:42:08"," Update รายชื่อสถานพยาบาลที่สามารถรับจำนวนผปต. ที่ต้องการเปลี่ยน/เลือก ข้อมูล ณ วันที่ 3 ส.ค. 60",,,,,,"1","11","0","download/article/article_20170815114208.pdf","_blank","2560-08-20",,,NULL,NULL,NULL,NULL,"Y","2017-12-06",NULL,NULL,NULL,NULL,NULL,"63",,,,NULL,NULL,"1","1","1","ศูนย์บริการประชาชน",,,"0",NULL,NULL,NULL,NULL
"218","8","2560-09-27","20170927151447","20170927151447","2017-09-27 15:14:47","คู่มือการปฏิบัติงานของเจ้าหน้าที่ศูนย์บริการร่วมกระรวงแรงงาน ประจำปีงบประมาณ พ.ศ. 2561",,,,,,"1","11","0","download/article/article_20170927151447.pdf","_blank","2560-10-02",,,NULL,NULL,NULL,NULL,"Y","2017-09-27",NULL,NULL,NULL,NULL,NULL,"63",,,,NULL,NULL,"1","1","1","ศูนย์บริการประชาชน",,,"0",NULL,NULL,NULL,NULL
"219","5","2560-10-16","20171016135607","20171016135607","2017-10-16 13:56:07","ประกันสังคมขานรับนโยบายรัฐเชื่อมโยงข้อมูล ผู้ประกันตน ไว้ในบัตรประชาชนแบบอเนกประสงค์",,,,,,"1","11","0","http://www.sso.go.th/wpr/content.jsp?lang=th&cat=762&id=4937","_blank","2560-10-21",,,NULL,NULL,NULL,NULL,"Y","2017-12-06",NULL,NULL,NULL,NULL,NULL,"63",,,,NULL,NULL,"1","1","1","ศูนย์บริการประชาชน",,,"0",NULL,NULL,NULL,NULL
"220","5","2560-12-04","20171206104744","20171206104744","2017-12-06 10:47:44","Update รายชื่อสถานพยาบาลที่สามารถรับจำนวนผปต. ที่ต้องการเปลี่ยน/เลือก ข้อมูล ณ วันที่ 4 ธันวาคม 2560",,,,,,"1","11","0","download/article/article_20171206104744.pdf","_blank","2560-12-11",,,NULL,NULL,NULL,NULL,"Y","2017-12-06",NULL,NULL,NULL,NULL,NULL,"63",,,,NULL,NULL,"1","1","1","ศูนย์บริการประชาชน",,,"0",NULL,NULL,NULL,NULL
"221","4","2560-11-28","20180302155459","20180302155609","2018-03-02 15:54:59","โครงการสัมมนาเชิงปฏิบัติการเพื่อพัฒนาศูนย์บริการร่วมกระทรวงแรงงาน กิจกรรมที่ 1 (สำหรับเจ้าหน้าที่ศูนย์บริการร่วมฯ) ระหว่างวันที่ 22-24 พฤศจิกายน 2560 ณ ห้องดินแดง โรงแรมปริ๊นส์ตั้น พาร์ค สวีท เขตดินแดง กรุงเทพฯ",,,,"212","n20180302_221.jpg","3","11","0",,"_blank","2561-03-07",,,NULL,NULL,NULL,NULL,"D",,NULL,,,,"1","63",,,,NULL,NULL,"1","1","1","ศูนย์บริการประชาชน",,,"0",NULL,NULL,NULL,NULL
"222","4","2560-11-27","20180302155802","20180302160615","2018-03-02 16:06:44","โครงการสัมมนาเชิงปฏิบัติการเพื่อพัฒนาศูนย์บริการร่วมกระทรวงแรงงาน กิจกรรมที่ 1 (สำหรับเจ้าหน้าที่ศูนย์บริการร่วมฯ) ระหว่างวันที่ 22-24 พฤศจิกายน 2560 ณ ห้องดินแดง โรงแรมปริ๊นส์ตั้น พาร์ค สวีท เขตดินแดง กรุงเทพฯ",,,,,"n20180302_222.jpg","2","9","0",,"_blank","2561-03-07",,,NULL,NULL,NULL,NULL,"Y","2018-03-02",NULL,,,,"1","63",,,,NULL,NULL,"1","1","1","ศูนย์บริการประชาชน",,,"0",NULL,NULL,NULL,NULL
"223","4","2560-12-27","20180302161228","20180302161657","2018-03-02 16:12:28"," โครงการสัมมนาเชิงปฏิบัติการเพื่อพัฒนาศูนย์บริการร่วมกระทรวงแรงงาน กิจกรรมที่ 2 (สำหรับเจ้าหน้าที่พี่เลี้ยงศูนย์บริการร่วมฯ) ระหว่างวันที่ 21-22 ธันวาคม 2560 ณ โรงแรมเจ้าพระยาปาร์ค กรุงเทพฯ",,,,,"n20180302_223.jpg","2","9","0",,"_blank","2561-03-07",,,NULL,NULL,NULL,NULL,"Y","2018-03-02",NULL,,,,"1","63",,,,NULL,NULL,"1","1","1","ศูนย์บริการประชาชน",,,"0",NULL,NULL,NULL,NULL
